,mean_7405f,min_7405f,max_7405f,mean_7078,min_7078,max_7078,mean_5599,min_5599,max_5599,mean_5351,min_5351,max_5351,mean_7289,min_7289,max_7289
0,0.0,0.0,0.0,333.06345417867743,333.06345417867743,333.06345417867743,196.86993038524062,196.86993038524062,196.86993038524062,515.4363167667914,515.4363167667914,515.4363167667914,228.4691728480406,228.4691728480406,228.4691728480406
1,0.0,0.0,0.0,367.08797680800893,367.08797680800893,367.08797680800893,195.64267039868741,195.64267039868741,195.64267039868741,511.7539962783584,511.7539962783584,511.7539962783584,229.80148426660566,229.80148426660566,229.80148426660566
2,0.0,0.0,0.0,1170.4034983113424,1170.4034983113424,1170.4034983113424,195.26949078965342,195.26949078965342,195.26949078965342,512.0696787515675,512.0696787515675,512.0696787515675,254.56517472435638,254.56517472435638,254.56517472435638
3,0.0,0.0,0.0,1195.6737291561417,1195.6737291561417,1195.6737291561417,195.05860416872383,195.05860416872383,195.05860416872383,512.6720409793014,512.6720409793014,512.6720409793014,253.68069218830755,253.68069218830755,253.68069218830755
4,0.0,0.0,0.0,1192.6000312938645,1192.6000312938645,1192.6000312938645,194.86109984877336,194.86109984877336,194.86109984877336,513.2631995396719,513.2631995396719,513.2631995396719,250.4472410826611,250.4472410826611,250.4472410826611
5,0.0,0.0,0.0,1187.2770655938618,1187.2770655938618,1187.2770655938618,194.669862071675,194.669862071675,194.669862071675,513.8404614084914,513.8404614084914,513.8404614084914,250.3629800922202,250.3629800922202,250.3629800922202
6,0.0,0.0,0.0,1194.0539685015935,1194.0539685015935,1194.0539685015935,194.4867839281563,194.4867839281563,194.4867839281563,514.4100207613463,514.4100207613463,514.4100207613463,250.45500457434866,250.45500457434866,250.45500457434866
7,0.0,0.0,0.0,1176.377373586,1176.377373586,1176.377373586,194.1170222121882,194.1170222121882,194.1170222121882,515.8694074827513,515.8694074827513,515.8694074827513,250.6805249284606,250.6805249284606,250.6805249284606
8,0.0,0.0,0.0,1158.46449925277,1158.46449925277,1158.46449925277,193.74433549308233,193.74433549308233,193.74433549308233,517.3361244377068,517.3361244377068,517.3361244377068,249.8673424004625,249.8673424004625,249.8673424004625
9,0.0,0.0,0.0,1070.2620752163875,1070.2620752163875,1070.2620752163875,192.94749885402317,192.94749885402317,192.94749885402317,516.524726617215,516.524726617215,516.524726617215,249.08931795319322,249.08931795319322,249.08931795319322
10,0.0,0.0,0.0,388.0693587652072,388.0693587652072,388.0693587652072,191.29989530490974,191.29989530490974,191.29989530490974,508.86825659521503,508.86825659521503,508.86825659521503,235.49167275296372,235.49167275296372,235.49167275296372
11,0.0,0.0,0.0,969.439614462535,969.439614462535,969.439614462535,190.71345768836827,190.71345768836827,190.71345768836827,510.04110602874596,510.04110602874596,510.04110602874596,248.90065752145296,248.90065752145296,248.90065752145296
12,0.0,0.0,0.0,1234.9821375544593,1234.9821375544593,1234.9821375544593,190.25293861818497,190.25293861818497,190.25293861818497,511.14786971588484,511.14786971588484,511.14786971588484,247.96950334377175,247.96950334377175,247.96950334377175
13,0.0,0.0,0.0,881.9740180358492,881.9740180358492,881.9740180358492,189.54566115216267,189.54566115216267,189.54566115216267,511.74371044586053,511.74371044586053,511.74371044586053,241.0792534130644,241.0792534130644,241.0792534130644
14,0.0,0.0,0.0,1185.7542013147668,1185.7542013147668,1185.7542013147668,189.11585722390123,189.11585722390123,189.11585722390123,512.7773608244124,512.7773608244124,512.7773608244124,246.60608850841862,246.60608850841862,246.60608850841862
15,0.0,0.0,0.0,1190.4984501395122,1190.4984501395122,1190.4984501395122,188.68552012396853,188.68552012396853,188.68552012396853,513.7411940697758,513.7411940697758,513.7411940697758,246.32906557322008,246.32906557322008,246.32906557322008
16,0.0,0.0,0.0,1182.4609695069626,1182.4609695069626,1182.4609695069626,188.2806063181805,188.2806063181805,188.2806063181805,514.7245108508728,514.7245108508728,514.7245108508728,245.15193787060704,245.15193787060704,245.15193787060704
17,0.0,0.0,0.0,1177.3497005399233,1177.3497005399233,1177.3497005399233,187.85270718442155,187.85270718442155,187.85270718442155,515.6877870236359,515.6877870236359,515.6877870236359,244.55982758561566,244.55982758561566,244.55982758561566
18,0.0,0.0,0.0,1180.2171012798049,1180.2171012798049,1180.2171012798049,187.46721567170795,187.46721567170795,187.46721567170795,516.6032476946948,516.6032476946948,516.6032476946948,244.42578209360553,244.42578209360553,244.42578209360553
19,0.0,0.0,0.0,1200.4695648829504,1200.4695648829504,1200.4695648829504,187.07955848612474,187.07955848612474,187.07955848612474,517.4674710900749,517.4674710900749,517.4674710900749,245.38914568649614,245.38914568649614,245.38914568649614
20,0.0,0.0,0.0,1193.7284850274375,1193.7284850274375,1193.7284850274375,186.69710632732816,186.69710632732816,186.69710632732816,518.2706809797602,518.2706809797602,518.2706809797602,243.52684965908037,243.52684965908037,243.52684965908037
21,0.0,0.0,0.0,1181.068062478947,1181.068062478947,1181.068062478947,186.32158454315322,186.32158454315322,186.32158454315322,519.0400082439521,519.0400082439521,519.0400082439521,243.2408701598673,243.2408701598673,243.2408701598673
22,0.0,0.0,0.0,1200.1592471924682,1200.1592471924682,1200.1592471924682,185.97817491289413,185.97817491289413,185.97817491289413,519.7811445982338,519.7811445982338,519.7811445982338,244.0872112141368,244.0872112141368,244.0872112141368
23,0.0,0.0,0.0,1197.784886867363,1197.784886867363,1197.784886867363,185.6477270680253,185.6477270680253,185.6477270680253,520.4671554154233,520.4671554154233,520.4671554154233,243.77317550147373,243.77317550147373,243.77317550147373
24,0.0,0.0,0.0,1161.3436394598625,1161.3436394598625,1161.3436394598625,185.19709030325276,185.19709030325276,185.19709030325276,518.6993893073044,518.6993893073044,518.6993893073044,242.68840976752585,242.68840976752585,242.68840976752585
25,0.0,0.0,0.0,1137.1181097690303,1137.1181097690303,1137.1181097690303,184.62936632949356,184.62936632949356,184.62936632949356,515.2939834273193,515.2939834273193,515.2939834273193,241.80556237381558,241.80556237381558,241.80556237381558
26,0.0,0.0,0.0,1139.3963428420193,1139.3963428420193,1139.3963428420193,184.2021867586764,184.2021867586764,184.2021867586764,512.838068617802,512.838068617802,512.838068617802,241.76237820196945,241.76237820196945,241.76237820196945
27,0.0,0.0,0.0,1162.6885063571171,1162.6885063571171,1162.6885063571171,183.30988799332633,183.30988799332633,183.30988799332633,511.9725611209454,511.9725611209454,511.9725611209454,231.2244095801346,231.2244095801346,231.2244095801346
28,0.0,0.0,0.0,1167.4557064518306,1167.4557064518306,1167.4557064518306,183.0320370420815,183.0320370420815,183.0320370420815,510.73012456838774,510.73012456838774,510.73012456838774,241.28618307742778,241.28618307742778,241.28618307742778
29,0.0,0.0,0.0,1169.4261691066185,1169.4261691066185,1169.4261691066185,182.74823269847457,182.74823269847457,182.74823269847457,510.00791857633385,510.00791857633385,510.00791857633385,239.82272424407165,239.82272424407165,239.82272424407165
30,0.0,0.0,0.0,1158.6707286219485,1158.6707286219485,1158.6707286219485,182.40972424403512,182.40972424403512,182.40972424403512,510.7979804825233,510.7979804825233,510.7979804825233,239.1169076292938,239.1169076292938,239.1169076292938
31,0.0,0.0,0.0,1186.6489030366245,1186.6489030366245,1186.6489030366245,182.10211438215524,182.10211438215524,182.10211438215524,511.48847043811475,511.48847043811475,511.48847043811475,239.40859870083938,239.40859870083938,239.40859870083938
32,0.0,0.0,0.0,1185.6535982663884,1185.6535982663884,1185.6535982663884,181.83513812910624,181.83513812910624,181.83513812910624,512.1389848545593,512.1389848545593,512.1389848545593,239.51392026920365,239.51392026920365,239.51392026920365
33,0.0,0.0,0.0,1249.4386946372492,1249.4386946372492,1249.4386946372492,181.5970097299559,181.5970097299559,181.5970097299559,512.748982708988,512.748982708988,512.748982708988,239.2970822548786,239.2970822548786,239.2970822548786
34,0.0,0.0,0.0,1359.3421029220979,1359.3421029220979,1359.3421029220979,181.47843763262938,181.47843763262938,181.47843763262938,513.2956476362816,513.2956476362816,513.2956476362816,240.2893253181532,240.2893253181532,240.2893253181532
35,0.0,0.0,0.0,1341.3343823004288,1341.3343823004288,1341.3343823004288,181.36082718554545,181.36082718554545,181.36082718554545,513.7574284202854,513.7574284202854,513.7574284202854,239.55963870589,239.55963870589,239.55963870589
36,0.0,0.0,0.0,1325.7937854098282,1325.7937854098282,1325.7937854098282,181.24957279381061,181.24957279381061,181.24957279381061,514.2510583228387,514.2510583228387,514.2510583228387,238.19005033375416,238.19005033375416,238.19005033375416
37,0.0,0.0,0.0,1309.5317211336398,1309.5317211336398,1309.5317211336398,181.15754974569066,181.15754974569066,181.15754974569066,514.7080865134121,514.7080865134121,514.7080865134121,238.60824229642162,238.60824229642162,238.60824229642162
38,0.0,0.0,0.0,1284.6912373038658,1284.6912373038658,1284.6912373038658,180.95987762012783,180.95987762012783,180.95987762012783,515.343193418988,515.343193418988,515.343193418988,237.7625436394672,237.7625436394672,237.7625436394672
39,0.0,0.0,0.0,1262.3130969257097,1262.3130969257097,1262.3130969257097,180.7604134259398,180.7604134259398,180.7604134259398,515.9502455384082,515.9502455384082,515.9502455384082,237.69978040224956,237.69978040224956,237.69978040224956
40,0.0,0.0,0.0,1240.6394213201716,1240.6394213201716,1240.6394213201716,180.5457985879729,180.5457985879729,180.5457985879729,516.4519209343034,516.4519209343034,516.4519209343034,236.83709687778156,236.83709687778156,236.83709687778156
41,0.0,0.0,0.0,1160.0627339267828,1160.0627339267828,1160.0627339267828,180.39862829957082,180.39862829957082,180.39862829957082,513.3040971889586,513.3040971889586,513.3040971889586,236.17356436201698,236.17356436201698,236.17356436201698
42,0.0,0.0,0.0,222.88258130718714,222.88258130718714,222.88258130718714,0.0,0.0,0.0,0.0,0.0,0.0,236.06072543310745,236.06072543310745,236.06072543310745
43,0.0,0.0,0.0,962.8940398964044,962.8940398964044,962.8940398964044,0.0,0.0,0.0,504.1977049094794,504.1977049094794,504.1977049094794,235.1521115285451,235.1521115285451,235.1521115285451
44,0.0,0.0,0.0,1033.7178429994797,1033.7178429994797,1033.7178429994797,180.0526762509586,180.0526762509586,180.0526762509586,500.1346806200307,500.1346806200307,500.1346806200307,234.13222537003827,234.13222537003827,234.13222537003827
45,0.0,0.0,0.0,1045.7038978769228,1045.7038978769228,1045.7038978769228,179.62360734080994,179.62360734080994,179.62360734080994,499.8647256431087,499.8647256431087,499.8647256431087,232.7371096348721,232.7371096348721,232.7371096348721
46,0.0,0.0,0.0,1027.22466583583,1027.22466583583,1027.22466583583,179.17770140819735,179.17770140819735,179.17770140819735,499.382545462908,499.382545462908,499.382545462908,232.60768017509622,232.60768017509622,232.60768017509622
47,0.0,0.0,0.0,1034.6961176625805,1034.6961176625805,1034.6961176625805,178.70084740985914,178.70084740985914,178.70084740985914,498.64928380239894,498.64928380239894,498.64928380239894,232.55305052178318,232.55305052178318,232.55305052178318
48,0.0,0.0,0.0,1079.7426393376372,1079.7426393376372,1079.7426393376372,178.30899514948692,178.30899514948692,178.30899514948692,493.1062925735687,493.1062925735687,493.1062925735687,232.59300604567142,232.59300604567142,232.59300604567142
49,0.0,0.0,0.0,1186.3635062702351,1186.3635062702351,1186.3635062702351,0.0,0.0,0.0,484.3796153455863,484.3796153455863,484.3796153455863,232.46196900542716,232.46196900542716,232.46196900542716
50,0.0,0.0,0.0,1154.5431133238003,1154.5431133238003,1154.5431133238003,0.0,0.0,0.0,475.85753268458996,475.85753268458996,475.85753268458996,241.8840557480502,241.8840557480502,241.8840557480502
51,0.0,0.0,0.0,1141.260546282487,1141.260546282487,1141.260546282487,0.0,0.0,0.0,467.5348133245592,467.5348133245592,467.5348133245592,241.4601107046165,241.4601107046165,241.4601107046165
52,0.0,0.0,0.0,1133.3070759141733,1133.3070759141733,1133.3070759141733,0.0,0.0,0.0,459.40636203727377,459.40636203727377,459.40636203727377,241.37334029329213,241.37334029329213,241.37334029329213
53,0.0,0.0,0.0,1122.4366030308765,1122.4366030308765,1122.4366030308765,0.0,0.0,0.0,451.46721908995437,451.46721908995437,451.46721908995437,241.19940211515106,241.19940211515106,241.19940211515106
54,0.0,0.0,0.0,1107.360954269485,1107.360954269485,1107.360954269485,0.0,0.0,0.0,443.71255331282134,443.71255331282134,443.71255331282134,241.10640153438038,241.10640153438038,241.10640153438038
55,0.0,0.0,0.0,1107.079129063489,1107.079129063489,1107.079129063489,0.0,0.0,0.0,436.1376586252105,436.1376586252105,436.1376586252105,240.43591011247133,240.43591011247133,240.43591011247133
56,0.0,0.0,0.0,1114.596172610561,1114.596172610561,1114.596172610561,0.0,0.0,0.0,428.73795313541007,428.73795313541007,428.73795313541007,240.20510908893218,240.20510908893218,240.20510908893218
57,0.0,0.0,0.0,1127.3510228110902,1127.3510228110902,1127.3510228110902,0.0,0.0,0.0,421.508974536585,421.508974536585,421.508974536585,240.36987864330348,240.36987864330348,240.36987864330348
58,0.0,0.0,0.0,1147.1940407424709,1147.1940407424709,1147.1940407424709,178.19129119185754,178.19129119185754,178.19129119185754,414.5246223081165,414.5246223081165,414.5246223081165,236.9110102157392,236.9110102157392,236.9110102157392
59,0.0,0.0,0.0,1132.4585606764595,1132.4585606764595,1132.4585606764595,177.85426138016217,177.85426138016217,177.85426138016217,415.3041484861158,415.3041484861158,415.3041484861158,230.12734754827943,230.12734754827943,230.12734754827943
60,0.0,0.0,0.0,1126.8671886175896,1126.8671886175896,1126.8671886175896,177.61233212899742,177.61233212899742,177.61233212899742,417.74591302842634,417.74591302842634,417.74591302842634,229.99278300797155,229.99278300797155,229.99278300797155
61,0.0,0.0,0.0,1145.5507780169544,1145.5507780169544,1145.5507780169544,177.79459368259467,177.79459368259467,177.79459368259467,419.8751667336742,419.8751667336742,419.8751667336742,231.58051022510224,231.58051022510224,231.58051022510224
62,0.0,0.0,0.0,1126.0784536720896,1126.0784536720896,1126.0784536720896,177.98409815029083,177.98409815029083,177.98409815029083,421.9462522594746,421.9462522594746,421.9462522594746,230.32282115230214,230.32282115230214,230.32282115230214
63,0.0,0.0,0.0,1130.3175302132727,1130.3175302132727,1130.3175302132727,178.20248164301944,178.20248164301944,178.20248164301944,424.02377238362567,424.02377238362567,424.02377238362567,229.77345677855817,229.77345677855817,229.77345677855817
64,0.0,0.0,0.0,1142.1839328771766,1142.1839328771766,1142.1839328771766,178.44966551703314,178.44966551703314,178.44966551703314,426.1684963940999,426.1684963940999,426.1684963940999,229.38791286509996,229.38791286509996,229.38791286509996
65,0.0,0.0,0.0,1164.0322536782182,1164.0322536782182,1164.0322536782182,178.72725470270905,178.72725470270905,178.72725470270905,428.31102316290213,428.31102316290213,428.31102316290213,229.51187779840944,229.51187779840944,229.51187779840944
66,0.0,0.0,0.0,1014.1764969252666,1014.1764969252666,1014.1764969252666,178.70947594404097,178.70947594404097,178.70947594404097,429.43682942215344,429.43682942215344,429.43682942215344,224.50473612250363,224.50473612250363,224.50473612250363
67,0.0,0.0,0.0,1141.7414208179707,1141.7414208179707,1141.7414208179707,178.9515492351046,178.9515492351046,178.9515492351046,431.5883003450312,431.5883003450312,431.5883003450312,228.36121813882303,228.36121813882303,228.36121813882303
68,0.0,0.0,0.0,1136.3274242153939,1136.3274242153939,1136.3274242153939,179.19200985745442,179.19200985745442,179.19200985745442,433.57968130724146,433.57968130724146,433.57968130724146,226.8796181195779,226.8796181195779,226.8796181195779
69,0.0,0.0,0.0,1157.7911100136116,1157.7911100136116,1157.7911100136116,179.44362653533383,179.44362653533383,179.44362653533383,435.5132548087592,435.5132548087592,435.5132548087592,227.94143042671118,227.94143042671118,227.94143042671118
70,0.0,0.0,0.0,1141.7626034678367,1141.7626034678367,1141.7626034678367,179.69363458883657,179.69363458883657,179.69363458883657,437.35862309763536,437.35862309763536,437.35862309763536,228.91337045118,228.91337045118,228.91337045118
71,0.0,0.0,0.0,1170.7281738472452,1170.7281738472452,1170.7281738472452,179.95816846149864,179.95816846149864,179.95816846149864,439.1320795883633,439.1320795883633,439.1320795883633,229.24034054938699,229.24034054938699,229.24034054938699
72,0.0,0.0,0.0,1179.7955868638073,1179.7955868638073,1179.7955868638073,180.2101734535898,180.2101734535898,180.2101734535898,440.7994115241687,440.7994115241687,440.7994115241687,228.78193936449603,228.78193936449603,228.78193936449603
73,0.0,0.0,0.0,1182.1656121821607,1182.1656121821607,1182.1656121821607,180.47208080729897,180.47208080729897,180.47208080729897,442.46996297289036,442.46996297289036,442.46996297289036,228.88009403503372,228.88009403503372,228.88009403503372
74,0.0,0.0,0.0,1179.8896334465496,1179.8896334465496,1179.8896334465496,180.6930507707078,180.6930507707078,180.6930507707078,443.9231949971173,443.9231949971173,443.9231949971173,229.07802679834492,229.07802679834492,229.07802679834492
75,0.0,0.0,0.0,1176.7624683278668,1176.7624683278668,1176.7624683278668,180.82021386222203,180.82021386222203,180.82021386222203,444.9923459460779,444.9923459460779,444.9923459460779,229.38046030779458,229.38046030779458,229.38046030779458
76,0.0,0.0,0.0,1191.2196771561291,1191.2196771561291,1191.2196771561291,180.95395644616636,180.95395644616636,180.95395644616636,446.0172348476349,446.0172348476349,446.0172348476349,229.62556853021078,229.62556853021078,229.62556853021078
77,0.0,0.0,0.0,1195.4095944082137,1195.4095944082137,1195.4095944082137,181.09935745150383,181.09935745150383,181.09935745150383,446.9816912954278,446.9816912954278,446.9816912954278,229.28361550886092,229.28361550886092,229.28361550886092
78,0.0,0.0,0.0,1187.436708665661,1187.436708665661,1187.436708665661,181.22690754567967,181.22690754567967,181.22690754567967,447.78454667322956,447.78454667322956,447.78454667322956,229.92156484699166,229.92156484699166,229.92156484699166
79,0.0,0.0,0.0,1183.478938180708,1183.478938180708,1183.478938180708,181.3527078892235,181.3527078892235,181.3527078892235,448.5463357915546,448.5463357915546,448.5463357915546,230.22118119524504,230.22118119524504,230.22118119524504
80,0.0,0.0,0.0,1236.9509607185314,1236.9509607185314,1236.9509607185314,181.47951972770787,181.47951972770787,181.47951972770787,449.2321741267108,449.2321741267108,449.2321741267108,230.6293537433271,230.6293537433271,230.6293537433271
81,0.0,0.0,0.0,1309.373513991893,1309.373513991893,1309.373513991893,181.69422372751862,181.69422372751862,181.69422372751862,449.8489735428483,449.8489735428483,449.8489735428483,229.85721297543475,229.85721297543475,229.85721297543475
82,0.0,0.0,0.0,1303.203770710272,1303.203770710272,1303.203770710272,181.94183503394254,181.94183503394254,181.94183503394254,450.5155750113853,450.5155750113853,450.5155750113853,227.82468348282794,227.82468348282794,227.82468348282794
83,0.0,0.0,0.0,1295.8301893898426,1295.8301893898426,1295.8301893898426,182.24863392963005,182.24863392963005,182.24863392963005,451.4859746258485,451.4859746258485,451.4859746258485,226.38962547381539,226.38962547381539,226.38962547381539
84,0.0,0.0,0.0,1281.2634436829262,1281.2634436829262,1281.2634436829262,182.48894322853923,182.48894322853923,182.48894322853923,452.0761453792427,452.0761453792427,452.0761453792427,229.58596996445866,229.58596996445866,229.58596996445866
85,0.0,0.0,0.0,1279.214999643078,1279.214999643078,1279.214999643078,182.71835537003892,182.71835537003892,182.71835537003892,452.5222353370048,452.5222353370048,452.5222353370048,228.3772574183778,228.3772574183778,228.3772574183778
86,0.0,0.0,0.0,1254.172114619368,1254.172114619368,1254.172114619368,182.98807320721485,182.98807320721485,182.98807320721485,453.1390887417642,453.1390887417642,453.1390887417642,229.76674107677687,229.76674107677687,229.76674107677687
87,0.0,0.0,0.0,1244.5179234722084,1244.5179234722084,1244.5179234722084,183.24273621806435,183.24273621806435,183.24273621806435,453.65685395685614,453.65685395685614,453.65685395685614,229.29295231604493,229.29295231604493,229.29295231604493
88,0.0,0.0,0.0,1235.1912206311697,1235.1912206311697,1235.1912206311697,183.58123608780517,183.58123608780517,183.58123608780517,454.55270008574087,454.55270008574087,454.55270008574087,229.18738088395656,229.18738088395656,229.18738088395656
89,0.0,0.0,0.0,1207.08048410876,1207.08048410876,1207.08048410876,183.88113163326162,183.88113163326162,183.88113163326162,455.4509735523866,455.4509735523866,455.4509735523866,229.5941471383935,229.5941471383935,229.5941471383935
90,0.0,0.0,0.0,680.0751498936702,680.0751498936702,680.0751498936702,183.3247091448258,183.3247091448258,183.3247091448258,452.684953210588,452.684953210588,452.684953210588,215.1944316954961,215.1944316954961,215.1944316954961
91,0.0,0.0,0.0,793.4393262167415,793.4393262167415,793.4393262167415,183.2924270422732,183.2924270422732,183.2924270422732,452.70799817382687,452.70799817382687,452.70799817382687,226.69740986105802,226.69740986105802,226.69740986105802
92,0.0,0.0,0.0,1162.426359610778,1162.426359610778,1162.426359610778,183.70196479787248,183.70196479787248,183.70196479787248,454.2717889439376,454.2717889439376,454.2717889439376,229.31995592283556,229.31995592283556,229.31995592283556
93,0.0,0.0,0.0,1144.2850451554264,1144.2850451554264,1144.2850451554264,183.92160720123638,183.92160720123638,183.92160720123638,454.9791062848888,454.9791062848888,454.9791062848888,228.89851526675795,228.89851526675795,228.89851526675795
94,0.0,0.0,0.0,1132.9111587607206,1132.9111587607206,1132.9111587607206,184.14603568708392,184.14603568708392,184.14603568708392,455.6324598164033,455.6324598164033,455.6324598164033,228.99971653909284,228.99971653909284,228.99971653909284
95,0.0,0.0,0.0,1132.9123542112334,1132.9123542112334,1132.9123542112334,184.3230386596135,184.3230386596135,184.3230386596135,456.03432973199483,456.03432973199483,456.03432973199483,229.41093940630685,229.41093940630685,229.41093940630685
96,0.0,0.0,0.0,1125.0531440884467,1125.0531440884467,1125.0531440884467,184.49563955241385,184.49563955241385,184.49563955241385,456.39518602298097,456.39518602298097,456.39518602298097,229.27426399871445,229.27426399871445,229.27426399871445
97,0.0,0.0,0.0,1119.9161022356764,1119.9161022356764,1119.9161022356764,184.67069743853855,184.67069743853855,184.67069743853855,456.74171435912024,456.74171435912024,456.74171435912024,229.54022776948239,229.54022776948239,229.54022776948239
98,0.0,0.0,0.0,1118.5172184580765,1118.5172184580765,1118.5172184580765,184.86510790385702,184.86510790385702,184.86510790385702,457.0850394663273,457.0850394663273,457.0850394663273,229.21117015574313,229.21117015574313,229.21117015574313
99,0.0,0.0,0.0,1112.8943438558406,1112.8943438558406,1112.8943438558406,185.06098503712988,185.06098503712988,185.06098503712988,457.43583099978764,457.43583099978764,457.43583099978764,229.46407102242415,229.46407102242415,229.46407102242415
100,0.0,0.0,0.0,1056.4471719279204,1016.6745300627381,1096.2198137931027,158.98697237925944,140.61523944720145,177.35870531131744,638.5405046142911,510.93426540396877,766.1467438246134,834.2206252542775,408.10953721253816,1260.331713296017
101,0.0,0.0,0.0,555.297788226624,164.03531562892715,946.5602608243208,193.24915357743606,187.61176221637191,198.8865449385002,637.3925571269925,510.8444647759999,763.9406494779852,592.7694317930898,336.7134182188828,848.8254453672968
102,0.0,0.0,0.0,549.6822072319901,162.37646947390044,936.9879449900798,191.75001907611897,187.26878051419564,196.2312576380423,636.0139708099877,510.5571304796361,761.4708111403393,590.9842782126077,335.8815030679045,846.0870533573109
103,0.0,0.0,0.0,548.0137297332674,161.88360017219344,934.1438592943414,191.72135101836972,187.3396948541337,196.10300718260572,635.0888323708123,510.35932510995076,759.8183396316738,589.6189774202218,335.75800812730586,843.4799467131377
104,0.0,0.0,0.0,548.3438928543466,161.98113056565717,934.706655143036,188.75643114823208,186.54147451090822,190.97138778555595,636.8018345919038,510.9223120194695,762.6813571643381,588.6565469148803,336.31401040114713,840.9990834286135
105,0.0,0.0,0.0,547.9438507007886,161.86295786208234,934.0247435394949,206.35927452368918,191.78060235653538,220.93794669084298,637.3933759216947,510.9949751758072,763.7917766675821,587.0308468925356,335.7321918693609,838.3295019157102
106,0.0,0.0,0.0,547.6281429277983,161.76969758752966,933.486588268067,186.1825374574349,186.078635442619,186.2864394722508,640.679968432032,513.0357822892806,768.3241545747833,585.2115613985738,334.813196747082,835.6099260500657
107,0.0,0.0,0.0,557.628829545577,164.72390669953057,950.5337523916235,184.73384356938232,183.81515620981924,185.6525309289454,642.2379647237057,513.0096788017203,771.466250645691,584.8507396805744,336.3731344536021,833.3283449075467
108,0.0,0.0,0.0,556.2485345562355,164.31616669220801,948.180902420263,188.1872950998333,186.6564085926509,189.7181816070157,642.5078370067575,512.5456334740699,772.4700405394452,583.4560590082623,336.16361556268873,830.7485024538358
109,0.0,0.0,0.0,552.9896931766152,163.3535029005916,942.6258834526388,188.7765392902616,186.8575905857873,190.6954879947359,640.146747716669,511.54335782766606,768.7501376056719,581.8904449959333,335.6556045383497,828.1252854535169
110,0.0,0.0,0.0,559.2629603389005,165.20662996287678,953.3192907149241,188.9706616627497,186.94892767360992,190.9923956518895,639.8699621178987,511.15638376579136,768.583540470006,581.1556524034324,336.55671731581447,825.7545874910504
111,0.0,0.0,0.0,555.3012487369248,164.0363378658448,946.5661596080047,188.1010761098978,186.7278655617677,189.47428665802792,637.8639046163736,510.2631023727064,765.4647068600408,579.8418767905025,336.4638246299048,823.2199289511002
112,0.0,0.0,0.0,546.1759503365727,161.34071898342455,931.0111816897208,188.0283382159069,186.73070448026004,189.32597195155375,635.2291432366989,509.1638735257087,761.294412947689,578.5144598787583,336.34063074530746,820.6882890122092
113,0.0,0.0,0.0,540.9652985115692,159.8014891595916,922.1291078635469,188.13965027459517,186.7865730649529,189.49272748423743,631.3942898565359,507.6959491326126,755.0926305804592,577.2497585610262,336.3173167023522,818.1822004197002
114,0.0,0.0,0.0,537.3127264734284,158.7225170840008,915.9029358628559,177.3066592920752,171.00284877756636,183.61046980658406,586.3801791243355,494.0590879749556,678.7012702737154,576.0655616833385,336.42422900377915,815.7068943628979
115,0.0,0.0,0.0,488.08972472921585,144.18201143368856,831.9974380247431,183.89241649066747,182.34059521549105,185.4442377658439,622.7049020816961,504.0806433632547,741.3291608001375,574.4883078837701,335.854165788867,813.1224499786731
116,0.0,0.0,0.0,479.54559152076405,141.6580691141993,817.4331139273288,182.47290913584098,179.94839361047045,184.9974246612115,624.0753512311394,504.3209534455513,743.8297490167274,567.4004890343177,325.8838300143341,808.9171480543014
117,0.0,0.0,0.0,484.1960781428148,143.0318257850344,825.3603305005952,228.7811744121181,198.63219479429583,258.93015402994035,622.5886842521393,503.5680591173573,741.6093093869213,567.9172995733685,328.86941020971165,806.9651889370253
118,0.0,0.0,0.0,490.9564235091581,145.0288360549115,836.8840109634048,226.28016574972037,198.4274693802015,254.13286211923923,620.3952918200172,502.53170980701884,738.2588738330155,566.5800749345622,328.68769270278545,804.4724571663389
119,0.0,0.0,0.0,492.9050337209961,145.6044567361272,840.205610705865,228.50529138531485,199.5781694969703,257.4324132736594,617.8113653655348,501.248293780094,734.3744369509756,565.3268079958596,328.64220225351244,802.0114137382067
120,0.0,0.0,0.0,493.9746328441071,145.92041698930274,842.0288486989114,239.39892321482932,203.3085847027958,275.4892617268629,610.5773091261606,498.60196611071046,722.5526521416107,563.7355609207314,328.0137255111266,799.4573963303361
121,0.0,0.0,0.0,493.4470410048416,145.76456602840943,841.1295159812737,245.29260111187597,205.6889031798444,284.8962990439075,605.9230263427996,497.14834271595146,714.6977099696478,562.5389565123364,328.0511143893203,797.0267986353526
122,0.0,0.0,0.0,505.92736913693017,149.45126280211264,862.4034754717477,237.40544411186488,204.06059177504466,270.7502964486851,604.7330176931217,497.00219442511235,712.4638409611312,561.02807326159,327.5459639499366,794.5101825732434
123,0.0,0.0,0.0,514.2097870116125,151.89789424752678,876.5216797756983,237.31460954801742,204.6244465935597,270.00477250247513,603.9452102508124,497.09804739917774,710.792373102447,559.3824578433585,326.8043506649966,791.9605650217203
124,0.0,0.0,0.0,521.2783844239667,153.98596236552208,888.5708064824114,221.63554513332807,200.57193102197346,242.69915924468268,609.3900835297927,498.98567496414455,719.7944920954409,558.341565877615,327.08677335338643,789.5963584018436
125,0.0,0.0,0.0,518.7942773855959,153.25215558520625,884.3363991859856,241.72532780196107,206.87959685189216,276.57105875203,609.8923145520544,497.8120545145465,721.9725745895622,557.226479770068,327.2359718240669,787.2169877160691
126,0.0,0.0,0.0,529.9082188439761,156.535220876766,903.2812168111861,242.65336021143176,207.77101292973583,277.5357074931277,608.4864290369469,497.65208115226096,719.3207769216328,556.1009247333084,327.36059528091306,784.8412541857037
127,0.0,0.0,0.0,536.8031162636103,158.571977907747,915.0342546194736,242.40685291085597,208.31611787909534,276.4975879426166,607.4474713279429,497.62092776584325,717.2740148900426,554.1696184472324,326.10502666893564,782.2342102255293
128,0.0,0.0,0.0,542.0621117138598,160.12548846886006,923.9987349588596,239.54539455422707,208.07474162740206,271.0160474810521,609.0875457383027,498.3632432839829,719.8118481926224,552.4285347386276,325.1670242840876,779.6900451931676
129,0.0,0.0,0.0,544.6350553922076,160.88553764845625,928.384573135959,237.45600014350612,208.0150201045192,266.896980182493,608.3159159882531,498.2244653138283,718.4073666626779,550.9379839531289,324.64941500518154,777.2265529010763
130,0.0,0.0,0.0,547.3666766191134,161.6924602756202,933.0408929626066,237.30609148806036,208.49226925105265,266.1199137250681,606.7127023494833,497.7228429761629,715.7025617228037,549.7445207782448,324.63157824652666,774.8574633099629
131,0.0,0.0,0.0,545.8746990807967,161.25172917314183,930.4976689884517,238.05329907078266,209.22341731088534,266.88318083068,604.9509590946366,497.13444051883687,712.7674776704363,548.5519810430173,324.6086945199678,772.4952675660669
132,0.0,0.0,0.0,551.4166417157512,162.8888225104397,939.9444609210627,237.865708531647,209.6787099044547,266.05270715883927,603.8093561145757,496.69782319768615,710.9208890314653,547.3958360518029,324.64125048642336,770.1504216171825
133,0.0,0.0,0.0,543.3874035449445,160.516980508666,926.2578265812231,240.295036553537,210.89565353195536,269.6944195751186,602.4671554314473,496.2825340934543,708.6517767694403,545.8949935511761,324.0796574156531,767.710329686699
134,0.0,0.0,0.0,552.1175447995238,163.09586972188112,941.1392198771664,243.73460499781982,212.43249959921414,275.03671039642546,600.7391552719878,495.81777023095907,705.6605403130166,544.6090978789257,323.8779065435094,765.340289214342
135,0.0,0.0,0.0,552.0235182080496,163.06809420766695,940.9789422084323,244.52309184030867,213.21992027187164,275.82626340874566,598.876175948524,495.3364766158594,702.4158752811885,543.3721888351954,323.75312452285505,762.9912531475358
136,0.0,0.0,0.0,552.418340803243,163.18472505042058,941.6519565560654,245.44159208520944,214.04576587197283,276.83741829844604,596.2673700267676,494.7129413499705,697.8217987035647,541.6390502703185,322.77595615928897,760.5021443813481
137,0.0,0.0,0.0,558.6242544183754,165.0179558325474,952.2305530042033,246.57625705635257,214.93710799881538,278.21540611388974,596.8176752144018,495.0150649981173,698.6202854306863,540.4961167896413,322.7983591608871,758.1938744183955
138,0.0,0.0,0.0,556.0562859179674,164.25937632364156,947.8531955122933,249.10398074628094,216.24427088934715,281.96369060321473,596.4434463258426,494.9903171774661,697.8965754742192,539.5483009746713,323.1468893054366,755.949712643906
139,0.0,0.0,0.0,563.0665105682657,166.33020109103995,959.8028200454914,249.2520476410745,216.8701032920691,281.63399199007995,595.2737191755814,494.7415509613749,695.8058873897878,538.6400873442796,323.55647728434633,753.7236974042128
140,0.0,0.0,0.0,558.9672508765874,165.11927720186577,952.815224551309,249.67410872765723,217.5684103738602,281.77980708145424,595.8952123860347,494.99686392676847,696.7935608453009,537.0523921510588,322.80139277700306,751.3033915251146
141,0.0,0.0,0.0,566.1174341933021,167.231445847283,965.0034225393211,249.13769723105983,217.97869049235817,280.2967039697615,595.4189477566305,494.903314213256,695.9345813000049,536.0440287129964,323.0274302458785,749.0606271801141
142,0.0,0.0,0.0,568.3895789475837,167.90263883566763,968.8765190594997,250.23938523478358,218.85609606355453,281.6226744060126,594.5371700629571,494.6377238007826,694.4366163251316,534.943596926701,323.09014313315924,746.7970507202429
143,0.0,0.0,0.0,566.5002991027679,167.3445443821575,965.6560538233784,251.40389260752917,219.75603156712168,283.05175364793666,594.1983869181529,494.5433513136135,693.8534225226922,533.3436774467484,322.29506578330404,744.3922891101928
144,0.0,0.0,0.0,566.5153929557976,167.3490031158284,965.6817827957667,115.55672581245742,50.926132452294,180.18731917262085,532.9481049444648,476.4559584782988,589.4402514106308,531.1567737641977,320.4930719215124,741.8204756068831
145,0.0,0.0,0.0,362.3988272741188,107.05284133277041,617.7448132154672,102.8292792418921,30.375833712946402,175.28272477083777,221.99774291413877,65.57827277527093,378.4172130530066,114.74279484502465,33.89509370937276,195.59049598067654
146,0.0,0.0,0.0,0.0,0.0,0.0,0.0,0.0,0.0,0.0,0.0,0.0,0.0,0.0,0.0
147,0.0,0.0,0.0,0.0,0.0,0.0,0.0,0.0,0.0,0.0,0.0,0.0,0.0,0.0,0.0
148,0.0,0.0,0.0,0.0,0.0,0.0,0.0,0.0,0.0,0.0,0.0,0.0,0.0,0.0,0.0
149,0.0,0.0,0.0,0.0,0.0,0.0,0.0,0.0,0.0,0.0,0.0,0.0,0.0,0.0,0.0
150,0.0,0.0,0.0,2.1703772954430362e-11,6.411308170861289e-12,3.6996237737999434e-11,116.945,34.545626496167515,199.34437350383246,724.6340796333586,214.05736253288399,1235.2107967338334,0.0,0.0,0.0
151,0.0,0.0,0.0,1010.7401478455948,298.5732748912319,1722.9070207999578,164.57930571304507,135.45870288177156,193.6999085443186,1030.6556257416962,616.2221964884482,1445.0890549949443,0.0,0.0,0.0
152,0.0,0.0,0.0,953.4442272720229,281.64802394515675,1625.240430598889,154.63824170681414,119.02902836185076,190.24745505177754,1029.9263630268972,615.7945854715481,1444.0581405822463,0.0,0.0,0.0
153,0.0,0.0,0.0,828.266283387166,244.67038065126826,1411.8621861230638,158.69061184948617,126.56749539257001,190.81372830640234,2183.9074244575727,956.0234592341385,3411.791389681007,0.0,0.0,0.0
154,0.0,0.0,0.0,897.8811957595365,265.2346695167919,1530.527722002281,151.36680438820306,114.6523827637242,188.08122601268192,2014.7342214958896,905.3444732823164,3124.123969709463,0.0,0.0,0.0
155,0.0,0.0,0.0,696.0011863484202,205.59918786166162,1186.4031848351788,147.98528137860012,109.53861841176112,186.43194434543912,1018.3649022106122,610.4352110602478,1426.2945933609767,0.0,0.0,0.0
156,0.0,0.0,0.0,618.4958403719321,182.7040599505923,1054.2876207932718,147.27698302293828,109.01231691516642,185.54164913071014,1019.5464976037109,610.1381732111454,1428.9548219962765,0.0,0.0,0.0
157,0.0,0.0,0.0,595.5140835386021,175.9152345387323,1015.1129325384719,153.27097248046843,119.90750702929215,186.6344379316447,1018.2067430354284,609.3648073733967,1427.0486786974602,0.0,0.0,0.0
158,0.0,0.0,0.0,590.8577336441527,174.5397458535508,1007.1757214347547,158.38657306447104,129.21857369965818,187.5545724292839,1013.8975091142408,608.1602064096667,1419.634811818815,413.7081422290009,122.20964521669515,705.2066392413067
159,0.0,0.0,0.0,688.2175485113114,203.29989635283624,1173.1352006697866,214.87991325449457,203.72604408231132,226.03378242667782,968.3206785190121,594.6200799977225,1342.0212770403016,554.7722696296794,364.5805845874089,744.9639546719499
160,0.0,0.0,0.0,1132.5104342239313,334.54429401610173,1930.4765744317608,253.92012429432987,215.45613218009407,292.38411640856566,998.5855405296627,603.196657123161,1393.9744239361644,593.5412424172637,432.5730269035998,754.5094579309275
161,0.0,0.0,0.0,1162.3065894381507,343.34609699230134,1981.2670818840002,245.0386404865859,213.5139066919384,276.5633742812334,999.7520446509485,603.5668049537519,1395.937284348145,603.8450274026571,452.03748149231865,755.6525733129956
162,0.0,0.0,0.0,1079.7072777497415,318.9462084085375,1840.4683470909454,245.0149259058332,214.0653463045782,275.9645055070882,997.4981164778619,602.7045581399659,1392.291674815758,604.1102781449756,454.38401883726056,753.8365374526907
163,0.0,0.0,0.0,1015.1356019082283,299.87169478373505,1730.3995090327217,246.20898128080245,214.96632735815857,277.45163520344636,996.5289724846313,602.3267597854742,1390.7311851837883,602.8577453044011,454.13712282826924,751.578367780533
164,0.0,0.0,0.0,960.3856009162187,283.69851008208207,1637.0726917503553,246.68172078142385,215.65942291437113,277.70401864847656,996.0694981191425,602.0528371370807,1390.0861591012044,602.0693973799039,454.67527905643004,749.4635157033777
165,0.0,0.0,0.0,906.1306035727845,267.6715497693127,1544.5896573762561,245.5216902700064,215.86629368540054,275.17708685461224,994.7664223764036,601.5404735743739,1387.9923711784334,599.7178228510357,452.5425799829875,746.893065719084
166,0.0,0.0,0.0,862.2372854600715,254.70543601327984,1469.7691349068632,243.59447696324992,215.82232420294307,271.36662972355674,992.863962784633,600.7858282785361,1384.94209729073,598.2447245663211,451.90117335346895,744.5882757791733
167,0.0,0.0,0.0,816.5040549607401,241.1958109819143,1391.8122989395658,249.8435901157482,218.16028597124534,281.5268942602511,990.3093560376537,599.7953091831737,1380.8234028921338,596.0389527749006,450.0047138467777,742.0731917030236
168,0.0,0.0,0.0,780.7980617123179,230.64823813626322,1330.9478852883726,248.31186886244296,218.269068459613,278.35466926527295,987.6187865378222,599.043642299002,1376.1939307766424,593.6113526464758,447.72400588004416,739.4986994129074
169,0.0,0.0,0.0,745.886705426322,220.33540154871673,1271.4380093039272,250.3395254615055,219.40023269800187,281.27881822500916,984.8450622806502,598.2487926898465,1371.4413318714537,592.409752811503,447.52704068936924,737.2924649336369
170,0.0,0.0,0.0,730.9442571558759,215.92139293877904,1245.9671213729728,248.04845152453572,219.27152213632195,276.8253809127495,981.8899559402121,597.4371245162926,1366.3427873641317,590.0864386137484,445.4119227447676,734.7609544827293
171,0.0,0.0,0.0,709.0894512090729,209.4654695270516,1208.7134328910943,247.81019534126844,219.7109100418995,275.90948064063736,979.108345137025,596.5699170107991,1361.646773263251,588.4737390395812,444.50206010824223,732.4454179709203
172,0.0,0.0,0.0,690.8397949566506,204.0745096007645,1177.6050803125368,248.3184207522885,220.358804952946,276.278036551631,974.7632368793766,595.2119597404899,1354.3145140182633,586.6963866061358,443.30549378572834,730.0872794265432
173,0.0,0.0,0.0,673.186920026643,198.8598392521767,1147.5140008011092,247.72489043122454,220.6787663528709,274.77101450957815,973.1876210128873,594.6597479227923,1351.7154941029823,583.7058781225367,440.0349600039931,727.3767962410802
174,0.0,0.0,0.0,650.3842462725677,192.1239150944765,1108.6445774506587,269.3798769537043,227.5547715612106,311.204982346198,970.3191606936132,593.7947055707547,1346.8436158164718,583.4990591607283,441.5035048283952,725.4946134930614
175,0.0,0.0,0.0,638.1254825671203,188.502668591649,1087.7482965425916,268.9856444206121,228.1792258766834,309.79206296454083,967.2043464053739,592.9540745301797,1341.4546182805682,581.9960724338553,440.7566252815613,723.2355195861492
176,0.0,0.0,0.0,626.1876893064227,184.97623695992024,1067.3991416529252,265.07860636318503,227.7479497037854,302.4092630225847,964.4578103448343,592.2006297325629,1336.7149909571058,579.5549410196566,438.40462341161367,720.7052586276994
177,0.0,0.0,0.0,615.450601462209,181.80449446282546,1049.0967084615925,269.9328758271049,229.84319789289378,310.02255376131603,961.0688376770179,591.2554439311048,1330.882231422931,578.6242913480439,438.62144977370326,718.6271329223846
178,0.0,0.0,0.0,608.0063851847362,179.60546829600986,1036.4073020734627,273.52682789648935,231.61502221561437,315.4386335773643,958.2597803679589,590.5042500632089,1326.015310672709,576.4757351493658,436.7563120885641,716.1951582101676
179,0.0,0.0,0.0,606.2696070813957,179.09242295277403,1033.4467912100174,272.313685239681,231.99910581817198,312.62826466119,955.6895925061835,589.910583113512,1321.468601898855,575.1129224532443,436.2246524034026,714.001192503086
180,0.0,0.0,0.0,606.0510902160289,179.02787293341373,1033.074307498644,275.4054644599841,233.62657198319553,317.1843569367727,953.7190086406583,589.4568420890092,1317.9811751923075,573.1236300911534,434.6192142350797,711.6280459472271
181,0.0,0.0,0.0,604.9823246459837,178.7121589123376,1031.2524903796298,275.4056510019092,234.3667193025526,316.44458270126574,951.8186700202405,589.0967996610146,1314.5405403794662,571.3063119615731,433.30106037608164,709.3115635470646
182,0.0,0.0,0.0,602.5398831815596,177.99066016875088,1027.0891061943685,274.78653577876617,234.91081645565507,314.6622551018773,949.8631690409564,588.7077338486628,1311.0186042332502,570.0314158315894,432.9016762248933,707.1611554382854
183,0.0,0.0,0.0,600.6116174311946,177.42104925424007,1023.8021856081492,274.9427982559329,235.66335494238484,314.222241569481,947.4408026721012,588.1345356463048,1306.7470696978976,568.5192957264613,432.0920966830521,704.9464947698706
184,0.0,0.0,0.0,594.6323975975325,175.65478395762915,1013.6100112374359,274.15156517451567,236.1254399139032,312.17769043512817,945.3640098547284,587.6699469614454,1303.0580727480115,566.9502613219373,431.1796966263298,702.7208260175448
185,0.0,0.0,0.0,589.7875972909565,174.22362690226555,1005.3515676796474,116.93957710927015,43.520620564157966,190.3585336543823,843.9255910559782,557.7914207515569,1130.0597613603995,565.3297204273647,430.1737163744209,700.4857244803085
186,0.0,0.0,0.0,368.51417938491727,108.85932018960222,628.1690385802324,205.28165537275348,195.4090518029857,215.15425894252127,863.0591480336384,557.1310081158296,1168.9872879514473,561.0765717089829,424.67444380962246,697.4786996083433
187,0.0,0.0,0.0,79.77510449949743,23.565616005256963,135.9845929937379,275.0175506331625,235.57939798617122,314.4557032801538,934.2319284113246,577.0061045560944,1291.4577522665547,546.0421438309008,400.7916216302559,691.2926660315458
188,0.0,0.0,0.0,583.2613564802944,172.2957712652638,994.226941695325,274.15331262632026,236.0227287134213,312.2838965392192,928.4658210555576,575.5887857601631,1281.3428563509522,559.487358737066,425.4494738385421,693.5252436355898
189,0.0,0.0,0.0,584.9826364018293,172.80423843585413,997.1610343678044,270.44763767100244,235.60353425320838,305.29174108879647,919.0661000127752,573.0053117649447,1265.1268882606057,557.6529354081123,424.05595615016387,691.2499146660607
190,0.0,0.0,0.0,578.1202974653717,170.77709920126568,985.4634957294777,272.83064962127645,236.92472337073892,308.73657587181395,927.2416020951712,575.4185167371377,1279.0646874532047,554.6699600915932,420.69892180827884,688.6409983749077
191,0.0,0.0,0.0,579.8301673968161,171.2821958536125,988.3781389400198,275.78200934190374,238.43261243802465,313.13140624578284,923.2399401535654,574.3116399418855,1272.1682403652453,554.9159577041386,422.8403237767826,686.9915916314945
192,0.0,0.0,0.0,582.5747099466162,172.09293544767996,993.0564844455523,275.0965143822581,238.89174270886355,311.3012860556526,920.785862587165,573.73677047593,1267.8349546984,552.765675966745,420.8913747754181,684.6399771580718
193,0.0,0.0,0.0,582.993124832539,172.21653546794198,993.7697141971361,269.4116307748517,237.85377396686033,300.96948758284304,922.569192007205,574.3733793996842,1270.7650046147257,551.2993990018053,420.10274425874195,682.4960537448687
194,0.0,0.0,0.0,582.0208854996964,171.92933535799904,992.1124356413939,272.8533325707906,239.4294865125879,306.2771786289933,919.3294009242703,573.255525089836,1265.4032767587046,550.1476115859736,419.8445783455102,680.4506448264369
195,0.0,0.0,0.0,573.8047221574211,169.5022755430968,978.1071687717454,287.02349100679066,244.20744695996993,329.83953505361137,919.4925938499213,573.2624347666604,1265.7227529331822,547.2265975975422,416.5649881289123,677.8882070661721
196,0.0,0.0,0.0,570.6417755310778,168.56793912186475,972.7156119402907,274.40171518598845,241.23743128693755,307.5659990850394,918.783612696199,572.9929382515538,1264.5742871408443,546.829879536532,417.582732668176,676.0770264048879
197,0.0,0.0,0.0,558.9485740452681,165.11376005415622,952.7833880363798,278.56361076495205,243.05434658244542,314.0728749474587,915.6549994620394,571.702622149872,1259.6073767742068,545.5009411380411,417.0058536119527,673.9960286641294
198,0.0,0.0,0.0,562.8618807688114,166.26975331967793,959.4540082179449,278.4399841977965,243.64685609731407,313.2331122982789,913.0340168570293,570.5519240256857,1255.516109688373,544.117450977646,416.33044366337083,671.9044582919211
199,0.0,0.0,0.0,555.981083191102,164.23716139086287,947.7250049913412,284.6673553567439,246.1027683388107,323.2319423746771,912.4356489283748,569.9981275717698,1254.8731702849798,541.8906577237009,414.21201252695687,669.5693029204449
200,375.6598824171743,71.1300078128246,680.189757021524,371.9060954504901,70.41924016834628,673.392950732634,295.61012369823544,268.84244581740694,322.37780157906394,670.2893935536931,369.85752739607756,970.7212597113087,542.4486101008454,438.89701073977915,646.0002094619116
201,560.3456110875758,137.8156651768299,982.8755569983216,6.401475100988328,1.574427517052336,11.228522684924322,329.6820682448373,320.2428919172892,339.12124457238536,789.6205777511108,334.392691996485,1244.8484635057366,720.7253214416875,720.7253214416875,720.7253214416875
202,557.7886216011298,137.1867797176563,978.3904634846033,12.674694994788197,3.1173109721156926,22.232079017460702,328.1080921045435,320.6189132427466,335.59727096634043,786.4054864464244,333.16065292071244,1239.6503199721365,718.3603389917683,718.3603389917683,718.3603389917683
203,554.8667938201916,136.46816315103314,973.2654244893499,18.904519874774017,4.649521527140918,33.159518222407115,326.9011134041583,320.96002015508924,332.8422066532274,785.0410196584054,332.99140019064333,1237.0906391261674,716.0031202859454,716.0031202859454,716.0031202859454
204,549.3772333692156,135.11801886488217,963.636447873549,25.098672874309436,6.17295866833874,44.024387080280135,327.36371904861346,321.7111304992475,333.01630759797945,782.8327234061334,332.16956324473534,1233.4958835675313,713.6536426594884,713.6536426594884,713.6536426594884
205,543.9217816310656,133.77626353521345,954.0672997269178,31.251127786713194,7.686140264564099,54.816115308862294,325.4160611511824,321.8539637834481,328.97815851891676,780.5091835312662,331.1295474614728,1229.8888196010596,711.3118767886629,711.3118767886629,711.3118767886629
206,541.3612859553934,133.146515737171,949.5760561736158,37.370410348970154,9.191163200472516,65.54965749746779,323.4018917593088,322.00832132790873,324.79546219070886,778.4582742861985,330.6446051573155,1226.2719434150815,708.977798279606,708.977798279606,708.977798279606
207,541.992544046275,133.30177215744385,950.6833159351063,43.45395795473516,10.68739720915184,76.22051870031848,323.2941602774283,322.6035691479822,323.9847514068744,776.6548265679814,330.3704983766636,1222.9391547592993,706.651384383035,706.651384383035,706.651384383035
208,538.8807775919129,132.53644062758593,945.2251145562398,49.65535009722185,12.212614800274892,87.0980853941688,323.97575947149085,323.4221036479103,324.5294152950714,774.4039291370639,329.47063093819264,1219.337227335935,704.3326086967429,704.3326086967429,704.3326086967429
209,533.6750910705878,131.25611445666073,936.0940676845148,55.72675779385388,13.70586302728757,97.74765256042019,335.56856629009314,326.8355585495346,344.3015740306517,772.1003959232701,328.467776188076,1215.7330156584642,702.0214435109875,702.0214435109875,702.0214435109875
210,528.0949958402834,129.88370335769304,926.3062883228738,61.82361162679362,15.205369670770807,108.44185358281644,331.916517422949,326.5450383778368,337.28799646806124,769.4325408223636,327.2548843751434,1211.610197269584,699.7178656555989,699.7178656555989,699.7178656555989
211,528.3276535585505,129.9409249680118,926.7143821490893,67.93104090225731,16.707477319093094,119.15460448542152,331.8537230181655,327.2115676614074,336.4958783749236,767.0720717601594,326.34899016520677,1207.795153355112,697.4218498982725,697.4218498982725,697.4218498982725
212,524.9537374320863,129.11111835220373,920.796356511969,74.05163544124652,18.21282293254665,129.89044794994638,333.6275057713021,328.27185304037687,338.9831585022273,763.3113309620103,322.5109127365159,1204.1117491875048,695.1333727276626,695.1333727276626,695.1333727276626
213,523.4787756180888,128.7483550156408,918.2091962205368,80.09116059738595,19.698229724847387,140.48409146992452,333.1101516066867,327.9977907382762,338.22251247509723,763.3402093809051,325.78808569324787,1200.8923330685623,692.8523989361942,692.8523989361942,692.8523989361942
214,520.893263830127,128.1124545645087,913.6740730957454,86.02172419377838,21.1568376816832,150.88661070587358,331.7006515385825,327.07880169693885,336.3225013802262,757.7048850557003,324.43159744632595,1190.9781726650747,690.5789363982955,690.5789363982955,690.5789363982955
215,519.6891184069374,127.81629787266917,911.5619389412057,91.83342427675227,22.586211441189732,161.0806371123148,330.3037473672219,328.14244272606715,332.46505200837663,750.1147890838912,322.4890691872783,1177.740508980504,688.3129257990237,688.3129257990237,688.3129257990237
216,520.4930471751512,128.01402223376687,912.9720721165356,97.730337961199,24.036543282524406,171.4241326398736,329.9735600164522,329.20174214221464,330.7453778906898,752.2880481217084,322.778745220273,1181.7973510231436,686.0543547319454,686.0543547319454,686.0543547319454
217,516.8073030518913,127.10752226666119,906.5070838371214,103.4128748114046,25.43414965331948,181.39159996948973,335.0027054383827,332.80291250892003,337.20249836784535,759.8692419510583,324.52933333771006,1195.2091505644064,683.803197151341,683.803197151341,683.803197151341
218,510.67231013428807,125.59863540636513,895.745984862211,109.1482788856871,26.844758591650958,191.45179917972325,332.92606699296596,332.88378954305557,332.96834444287634,758.7522140557799,323.96641598295724,1193.5380121286025,681.5594305671035,681.5594305671035,681.5594305671035
219,510.1867571729683,125.4792148148253,894.8942995311113,114.84149762297739,28.244992147070434,201.43800309888434,330.4920961135072,327.9493589879668,333.03483323904766,757.3152706846143,323.7650906845003,1190.8654506847283,679.3230295594674,679.3230295594674,679.3230295594674
220,510.5398272403559,125.56605155491604,895.5136029257958,120.84923314671582,29.722580355182927,211.97588593824872,329.6146576912738,325.8785862295256,333.35072915302203,755.3596393120584,322.92933730926546,1187.7899413148514,677.0939720059739,677.0939720059739,677.0939720059739
221,507.9151697552858,124.92052331304365,890.9098161975279,126.88529850263829,31.2071362178812,222.5634607873954,345.62601148979536,337.81856173269625,353.43346124689447,753.0502749055653,322.08817726032834,1184.0123725508022,674.8722306559939,674.8722306559939,674.8722306559939
222,507.4997633565399,124.81835510108823,890.1811716119917,132.90134390095935,32.68676821980635,233.11591958211233,350.7907190185143,339.6614479554561,361.91999008157256,750.8979996897793,321.5919732284534,1180.2040261511052,672.6577833775,672.6577833775,672.6577833775
223,506.6539804923277,124.61033682500982,888.6976241596456,138.8931653694471,34.160442404026014,243.6258883348682,351.9696947791706,340.5003278115786,363.4390617467626,748.6867177627652,320.6824695097171,1176.6909660158133,670.4506070944291,670.4506070944291,670.4506070944291
224,504.2693726600022,124.02384822209211,884.5148970979124,144.8459780304177,35.62452246517324,254.06743359566218,353.12285240528604,341.904703741107,364.34100106946505,746.4834365826762,319.9381354734423,1173.02873769191,668.2506753282423,668.2506753282423,668.2506753282423
225,501.29071537403445,123.29125457439187,879.2901761736771,151.16904494698673,37.17966567647308,265.1584242175004,355.99704231345856,348.4995313303118,363.4945532966053,747.155231595399,320.18233672395365,1174.1281264668442,666.057966363953,666.057966363953,666.057966363953
226,500.44159991688286,123.08241665503681,877.8007831787289,157.5574605371083,38.75088123800808,276.3640398362086,367.3701675912051,353.0960822668577,381.64425291555244,769.6528010536744,325.8367329273107,1213.468869180038,663.872456445211,663.872456445211,663.872456445211
227,500.1700661652375,123.01563357712831,877.3244987533467,164.27683468740116,40.40349526722713,288.1501741075752,370.8792208586473,354.0406435305812,387.71779818671337,772.9228448335246,326.5325272299793,1219.3131624370699,661.6941214141065,661.6941214141065,661.6941214141065
228,499.26282323655334,122.79249934493379,875.733147128173,171.13391268532828,42.08997722899278,300.1778481416638,366.27904477993707,354.01743267191176,378.54065688796237,768.311324502798,325.13017751563865,1211.4924714899573,659.5229370179659,659.5229370179659,659.5229370179659
229,497.6561311221234,122.39733725549621,872.9149249887505,177.66839130205048,43.69711664318288,311.6396659609181,369.032359776098,355.1444941916692,382.92022536052684,768.3361625992795,324.9050834863537,1211.7672417122053,657.3588796188758,657.3588796188758,657.3588796188758
230,496.0112176118505,121.99277470500778,870.0296605186932,184.04592868489172,45.265656735609866,322.8262006341736,360.70227483138706,353.25395258413215,368.15059707864197,765.6798355015172,324.12704653473924,1207.2326244682952,655.2019270304379,655.2019270304379,655.2019270304379
231,494.571181585144,121.63860128244102,867.5037618878471,190.39844772422097,46.82804362618339,333.96885182225856,357.0605630646535,353.0795910384757,361.04153509083125,761.8227229844579,323.0838174551973,1200.5616285137185,653.0520559969846,653.0520559969846,653.0520559969846
232,494.05372901223575,121.51133505759378,866.5961229668777,196.70131898842317,48.378219765002484,345.02441821184385,356.63880562550514,353.5010470722315,359.7765641787788,760.622300818695,322.74272696983724,1198.5018746675528,650.9092428377658,650.9092428377658,650.9092428377658
233,494.18144214761753,121.5427457983156,866.8201384969195,203.091365315969,49.94983640251354,356.23289422942446,356.13343188057087,354.0246730130843,358.24219074805745,758.7256879403526,322.50746343819293,1194.9439124425123,648.7734644696201,648.7734644696201,648.7734644696201
234,494.10022108238775,121.52276967124413,866.6776724935314,209.59963276008125,51.55052924138167,367.6487362787808,360.1991772054166,356.1115928345111,364.28676157632214,757.2163408624658,322.2490992894927,1192.183582435439,646.6446984899648,646.6446984899648,646.6446984899648
235,493.3138667005919,121.32936768852568,865.2983657126581,216.00297624065655,53.12541628193219,378.8805361993809,364.6924030824341,358.52606660207397,370.85873956279426,757.1786990235241,321.6950948754779,1192.6623031715703,644.5229203773997,644.5229203773997,644.5229203773997
236,493.1099504218398,121.2792149666331,864.9406858770465,222.21631867222402,54.65357301812196,389.7790643263261,359.4946249447585,353.29980176948584,365.6894481200312,758.3961018292536,321.63558362646796,1195.1566200320392,642.4081054172129,642.4081054172129,642.4081054172129
237,493.9155932508718,121.47736089689653,866.3538256048471,228.32829948352398,56.1568001058161,400.49979886123185,355.1926118991619,352.73637062444914,357.6488531738746,735.5143477854575,315.9841599833825,1155.0445355875327,640.3002339305453,640.3002339305453,640.3002339305453
238,493.87409025921585,121.46715333519052,866.2810271832411,234.37706191497904,57.64447878392642,411.1096450460317,355.0536045186932,354.27421256355876,355.8329964738276,733.3011269770952,315.31732086578427,1151.2849330884062,638.1992835770947,638.1992835770947,638.1992835770947
239,494.28727995771976,121.56877635501394,867.0057835604256,240.40023062804204,59.12586274810502,421.67459850797906,353.9207688089333,351.8465450208756,355.994992596991,743.4522177622546,317.7353904159964,1169.1690451085128,636.1052299875988,636.1052299875988,636.1052299875988
240,492.9507491744047,121.24005979993223,864.6614385488772,246.39016709952858,60.59907332181268,432.1812608772445,354.65485283478483,352.17790171186533,357.13180395770434,741.2129670758848,317.2642715703657,1165.1616625814038,634.0180509963585,634.0180509963585,634.0180509963585
241,485.1595168525366,119.32382481256178,850.9952088925115,252.72726313998712,62.15766696263739,443.29685931733684,351.6628830387801,350.3034147788599,353.02235129870024,740.0278060445114,314.9952076146983,1165.0604044743245,631.9377244549539,631.9377244549539,631.9377244549539
242,457.3242980902546,112.47781921679933,802.1707769637098,0.0,0.0,0.0,359.39832952543907,352.33913955235613,366.457519498522,723.5389609779181,308.73758606307655,1138.3403358927596,629.8642248887493,629.8642248887493,629.8642248887493
243,189.35464776673138,46.57132351879508,332.13797201466764,0.0,0.0,0.0,174.23773515869718,42.85335495569228,305.6221153617021,627.4872124926069,154.32898173643048,1100.6454432487833,627.797533475491,627.797533475491,627.797533475491
244,173.8980721195167,42.76981564217863,305.0263285968548,0.0,0.0,0.0,172.18416619258952,42.348284571538954,302.0200478136401,624.6874262415557,153.64038099269902,1095.7344714904125,0.0,0.0,0.0
245,169.49105756940276,41.68592093567935,297.29619420312616,255.8952903544689,62.93683569211973,448.85374501681804,164.44791701578885,40.4455725574212,288.4502614741565,612.9220801025865,150.7467222005286,1075.0974380046443,0.0,0.0,0.0
246,128.74371367007637,31.664208991196844,225.8232183489559,256.3033948379839,63.03720801545796,449.5695816605098,203.1759264091896,127.1705174419689,279.1813353764103,559.9039144359629,137.70703093995195,982.1007979319738,0.0,0.0,0.0
247,125.08503768853159,30.764366368918715,219.40570900814447,0.0,0.0,0.0,173.8337192850218,58.86808773877384,288.79935083126975,473.5121862499547,116.45919165979421,830.5651808401152,0.0,0.0,0.0
248,122.8106435702725,30.204984565831552,215.41630257471346,0.0,0.0,0.0,167.21847965015246,41.12698582240209,293.3099734779028,554.2009825867608,136.30440846784865,972.097556705673,0.0,0.0,0.0
249,112.8606118372193,27.757798017587177,197.96342565685143,0.0,0.0,0.0,169.50629920686688,41.68966958002302,297.32292883371076,585.2565507870149,143.9424513190374,1026.5706502549924,0.0,0.0,0.0
250,107.7216727330118,26.493888214537265,188.94945725148634,0.0,0.0,0.0,169.02621920024018,41.57159504862277,296.4808433518576,603.8698216777327,148.5203408539299,1059.2193025015356,0.0,0.0,0.0
251,163.85810486067476,40.3005096660948,287.4157000552547,0.0,0.0,0.0,158.89511061249098,39.07987308030144,278.71034814468055,603.0717610730023,148.3240597536303,1057.8194623923744,0.0,0.0,0.0
252,117.12121576587408,28.80568338130567,205.4367481504425,3.919476758925943e-12,9.6398595079222e-13,6.874967567059666e-12,162.42226020662935,39.94736710162677,284.89715331163194,534.4133308474815,131.43768276718095,937.388978927782,0.0,0.0,0.0
253,159.05730341048377,39.11976401171944,278.9948428092481,0.0,0.0,0.0,167.8349358765253,41.278601759439724,294.3912699936109,561.5676790677617,138.1162298787712,985.0191282567521,0.0,0.0,0.0
254,123.93529419722077,30.481589702335768,217.38899869210576,2.845800724907086e-12,6.999178937130623e-13,4.991683556101109e-12,167.09603225201317,41.09687017718272,293.0951943268436,602.0524024878648,148.07335094341624,1056.0314540323134,0.0,0.0,0.0
255,106.165259015777,26.11109197684614,186.21942605470787,0.0,0.0,0.0,166.52948272512833,40.95752867372791,292.1014367765288,599.4023266390145,147.42157111566047,1051.3830821623685,0.0,0.0,0.0
256,114.77631349257486,28.22896026583028,201.32366671931942,0.0,0.0,0.0,166.0261231697445,40.833728592892626,291.2185177465964,597.948988268595,147.06412601341793,1048.833850523772,0.0,0.0,0.0
257,156.45204163220572,38.479006097623724,274.42507716678773,3.605171869603715e-13,8.866834136915894e-14,6.32366032551584e-13,165.52161770141717,40.709646677504864,290.3335887253295,596.9285241426167,146.8131452980736,1047.0439029871598,0.0,0.0,0.0
258,87.91843559548322,21.62332932238158,154.21354186858485,2.8575242665561784e-12,7.028012707907591e-13,5.012247262321597e-12,164.9702227142226,40.57403239690417,289.366413031541,595.8899507992479,146.5577106639493,1045.2221909345465,0.0,0.0,0.0
259,124.14843272797586,30.534010615089613,217.7628548408621,0.0,0.0,0.0,164.6850217642151,40.503887904189995,288.8661556242402,594.5116537225975,146.21872178874213,1042.804585656453,0.0,0.0,0.0
260,95.39593937988879,23.462403525015176,167.3294752347624,2.4593275605919294e-12,6.048657416854753e-13,4.3137893794983834e-12,164.10720849317474,40.36177610975322,287.85264087659624,594.9937714233176,146.33729748613956,1043.6502453604958,0.0,0.0,0.0
261,162.56144439552685,39.981599120572696,285.141289670481,0.0,0.0,0.0,163.6093743226039,40.23933498412042,286.9794136610874,593.4132111501838,145.9485624606769,1040.8778598396907,0.0,0.0,0.0
262,136.11541807223355,33.47726208837098,238.7535740560961,4.757374248198307e-12,1.170064837731194e-12,8.344683658665421e-12,163.0422782284682,40.09985905375521,285.9846974031812,592.3833500164325,145.69527057370698,1039.071429459158,0.0,0.0,0.0
263,152.98925043748415,37.627340870974095,268.3511600039942,0.0,0.0,0.0,162.44052682407667,39.95185973257493,284.9291939155784,590.8566362003031,145.31977895578177,1036.3934934448243,0.0,0.0,0.0
264,158.71881190202168,39.03651283338884,278.40111097065454,1.0613879992978657e-12,2.6104584427819986e-13,1.8617301543175315e-12,161.8134690699912,39.79763637510838,283.82930176487406,589.0749328621164,144.8815732737146,1033.2682924505182,0.0,0.0,0.0
265,202.70481756387164,49.85476590579893,355.5548692219444,2.629006246064762e-13,6.465978092560262e-14,4.611414682873498e-13,155.91068604403281,38.34586098324256,273.47551110482306,587.1032553900536,144.39664390699915,1029.8098668731081,0.0,0.0,0.0
266,178.9470444204829,44.0115983247743,313.8824905161915,3.1882576897484e-12,7.841443665722704e-13,5.5923710129245296e-12,155.73479125270677,38.30260007927886,273.16698242613467,548.0284459584161,134.78628782153436,961.2706040952978,0.0,0.0,0.0
267,166.43202953852605,40.93356029516039,291.93049878189174,0.0,0.0,0.0,160.0242135343727,39.357573248114335,280.6908538206311,549.0936746062077,135.0482782641397,963.1390709482757,0.0,0.0,0.0
268,148.07059943726043,36.41761040114345,259.7235884733774,0.0,0.0,0.0,159.38920031409495,39.20139326273208,279.5770073654578,581.5490734996117,143.03060613210033,1020.0675408671232,0.0,0.0,0.0
269,135.03788858389126,33.2122462834014,236.86353088438113,0.0,0.0,0.0,158.73601091169297,39.040742888753485,278.4312789346325,579.4736915174608,142.52017088873157,1016.42721214619,0.0,0.0,0.0
270,138.06416191375263,33.956550983410125,242.17177284409513,0.0,0.0,0.0,158.1863360454329,38.90555166778974,277.4671204230761,577.2578281256139,141.97518457805865,1012.5404716731691,0.0,0.0,0.0
271,140.03681967968856,34.44172145106319,245.63191790831394,5.82872228737404e-14,1.4335603300369595e-14,1.0223884244711121e-13,157.58505590581802,38.75766825305608,276.41244355858,575.7566550902206,141.60597465417487,1009.9073355262665,0.0,0.0,0.0
272,143.0590094856193,35.18502181811091,250.9329971531277,0.0,0.0,0.0,156.98452466493163,38.60996902817665,275.3590803016866,573.881784441067,141.14485469441985,1006.6187141877142,0.0,0.0,0.0
273,142.39711135376908,35.02222955291731,249.77199315462084,7.297843739077802e-14,1.7948872434380183e-14,1.2800800234717586e-13,156.35263037027656,38.454556135104625,274.2507046054485,572.0002226426119,140.6820890624698,1003.318356222754,0.0,0.0,0.0
274,148.89801285041506,36.62111075459285,261.17491494623727,0.0,0.0,0.0,155.69173306093023,38.2920100198163,273.09145610204416,569.8862365400295,140.16215922785125,999.6103138522077,0.0,0.0,0.0
275,142.42819664630397,35.02987490639764,249.8265183862103,3.424295828207928e-13,8.421973831663746e-14,6.006394273249482e-13,154.97310289673834,38.11526464672056,271.8309411467561,567.5557770405485,139.58898827811316,995.5225658029838,0.0,0.0,0.0
276,153.36760848406183,37.720397129169655,269.014819838954,0.0,0.0,0.0,149.26532436807503,36.711450145375565,261.8191985907745,564.8062710036933,138.9127538330152,990.6997881743714,0.0,0.0,0.0
277,163.088584725459,40.111248026129616,286.06592142478837,6.911438763395551e-13,1.6998518622418883e-13,1.2123025664549214e-12,152.65977342816817,37.54630678718567,267.7732400691507,526.9666165205874,129.60618115811002,924.3270518830648,0.0,0.0,0.0
278,178.8309421419399,43.98304324657016,313.6788410373096,5.944273717362045e-13,1.4619799283541883e-13,1.0426567506369901e-12,152.64612013639612,37.54294879267265,267.7492914801196,553.0012470166637,136.00933636884832,969.993157664479,0.0,0.0,0.0
279,225.40741981995615,55.4384167263963,395.37642291351597,261.24828863882027,64.25339283944416,458.2431844381964,152.4771344436503,37.50138716500874,267.45288172229186,655.127444549735,311.9079198908593,998.3469692086105,0.0,0.0,0.0
280,315.0897709622724,77.49557686603137,552.6839650585134,266.58838525603244,65.56677685254135,467.6099936595235,219.4901264477254,154.83757938837863,284.1426735070722,653.399331880191,307.8589684873053,998.9396952730767,625.7377083430883,625.7377083430883,625.7377083430883
281,370.12953877467965,91.03247634762596,649.2266012017333,271.96553663098905,66.8892743948361,477.041798867142,307.4091783318534,303.77402624288845,311.04433042081837,663.7676051886214,321.71882038279784,1005.8163899944449,623.6845584818797,623.6845584818797,623.6845584818797
282,407.0602855520781,100.11550534240251,714.0050657617537,277.32144900974095,68.20654825671537,486.43634976276655,324.14601425970534,307.42566737006393,340.86636114934674,656.3604732348495,319.88976952552315,992.8311769441757,621.6382038367718,621.6382038367718,621.6382038367718
283,419.1903089754503,103.09885564197555,735.2817623089251,282.6182604192016,69.50928637630756,495.7272344620956,322.65549616268237,305.59543502633267,339.71555729903207,657.3613274935472,322.11111662561115,992.6115383614831,619.5985254287347,619.5985254287347,619.5985254287347
284,435.5977057079217,107.13421569434917,764.0611957214942,287.95320920694354,70.82140429303118,505.08501412085593,325.4059410773507,306.0538961717247,344.75798598297666,654.4434497193931,324.4852276418994,984.4016717968868,617.56555017193,617.56555017193,617.56555017193
285,468.9976519561702,115.3488527290512,822.6464511832892,293.2313152972006,72.11954188402817,514.343088710373,339.0185550044015,308.2219658932397,369.81514411556327,654.8824289296515,324.02921852967927,985.7356393296237,615.5392529086579,615.5392529086579,615.5392529086579
286,525.493419954574,129.24385198007423,921.7429879290739,298.470052589015,73.40799681304571,523.5321083649842,343.17420879659574,308.01591961684676,378.3324979763447,651.1409121203089,323.0021082872159,979.279715953402,613.5195940788936,613.5195940788936,613.5195940788936
287,514.0566571337811,126.4310074704901,901.682306797072,301.979301084213,74.27108810182966,529.6875140665963,357.6333992227112,298.94052456545955,416.32627387996286,646.3108204653266,320.4195180197341,972.2021229109191,611.5065669790994,611.5065669790994,611.5065669790994
288,497.63357147148076,122.39178876328361,872.875354179678,306.03292876550285,75.26806815167421,536.7977893793314,349.0231367365119,294.65832485562606,403.38794861739774,585.7468841310574,300.14738331961354,871.3463849425013,609.5001434634773,609.5001434634773,609.5001434634773
289,540.0134967225438,132.81503019330665,947.2119632517808,311.369961257507,76.58069855048885,546.1592239645252,367.6192369093622,306.90990377495245,428.32857004377195,581.4845191838808,305.45518782207427,857.5138505456873,607.5002916213592,607.5002916213592,607.5002916213592
290,536.8703572201894,132.04198253720068,941.698731903178,316.7370482203366,77.900720774651,555.5733756660222,427.2152537905061,323.137364366068,531.2931432149442,617.9585236097589,313.28099183707076,922.636055382447,605.5070478886556,605.5070478886556,605.5070478886556
291,536.812744744121,132.02781288626608,941.597676601976,322.1129499628959,79.2229109728311,565.0029889529608,390.07751773494005,314.0445437373202,466.11049173255986,625.3621243673041,312.7002226941872,938.024026040421,603.5203200450334,603.5203200450334,603.5203200450334
292,533.1756435037759,131.1332765200745,935.2180104874772,327.2544576018101,80.48745250085989,574.0214627027603,391.2074747396814,313.1913105420479,469.2236389373149,625.6684856486994,310.3861121691824,940.9508591282164,601.5401093982093,601.5401093982093,601.5401093982093
293,526.474949870991,129.4852569195354,923.4646428224466,332.46713351391367,81.76949769575887,583.1647693320684,382.9024527531338,310.58313776466093,455.22176774160664,621.1293446902034,307.7939472782242,934.4647421021826,599.5663992105247,599.5663992105247,599.5663992105247
294,521.0307586532092,128.14627108796589,913.9152462184525,337.41318072613313,82.98596619851887,591.8403952537474,389.3509344679087,311.69932423264396,467.00254470317344,618.9012261150864,305.7784320055652,932.0240202246075,597.5991711293897,597.5991711293897,597.5991711293897
295,512.8160300762114,126.12587820777765,899.5061819446452,342.062870061218,84.12954618897629,599.9961939334597,380.14729350664845,308.8571399470303,451.4374470662666,616.9555897739068,303.55593735550264,930.3552421923109,595.6384009067351,595.6384009067351,595.6384009067351
296,506.90155851369803,124.6712280482534,889.1318889791427,346.69730556997393,85.26937453726765,608.1252366026802,372.9204977307378,306.4888576999619,439.3521377615137,614.3992023015104,300.98853820113845,927.8098664018823,593.684066283339,593.684066283339,593.684066283339
297,501.24096260425193,123.2790179994526,879.2029072090513,351.3090949600766,86.40363312674577,616.2145567934074,372.60110552667936,305.82305970759734,439.3791513457614,611.7981756684366,298.4404555960651,925.1558957408081,591.7361463821182,591.7361463821182,591.7361463821182
298,481.02142026687807,118.30606983735703,843.7367706963992,355.2328501391379,87.36867134475523,623.0970289335205,347.28943319569515,287.40970569780177,407.16916069358854,608.3464889069336,294.39483893738094,922.2981388764863,589.7946209557947,589.7946209557947,589.7946209557947
299,495.6773103837802,121.9106510194942,869.4439697480661,360.38644675171787,88.63618612699338,632.1367073764424,372.33107898764206,306.5559028322175,438.1062551430666,552.3780801614272,279.9139028092325,824.8422575136219,587.859464046695,587.859464046695,587.859464046695
300,657.8251021933908,379.1065372081886,936.5436671785928,578.4170253002849,323.0374515672969,833.7965990332729,355.8779830082487,313.3249387090911,398.4310273074063,480.5833306872687,244.81012070268696,716.3565406718504,585.9306686297027,585.9306686297027,585.9306686297027
301,1043.557174380997,1038.380120934318,1048.7342278276758,854.1896813706759,753.7581805719708,954.621182169381,289.5105744697871,286.04847490558814,292.9726740339861,190.31918329333854,189.09632777946345,191.54203880721363,383.3015726719002
302,1036.139180456543,1019.6410969426717,1052.6372639704143,842.9574781348836,759.9195394229487,925.9954168468184,281.932059351661,279.807322857491,284.056795845831,183.50891770409697,181.18421119760285,185.8336242105911,383.3015726719002
303,1029.7517417287222,986.8284135635264,1072.675069893918,833.6429709646285,766.3480570677291,900.9378848615279,278.9058267574202,274.714709862958,283.0969436518824,179.58054765512261,175.87369100871035,183.28740430153488,383.3015726719002
304,1004.973822311004,951.0494707013922,1058.8981739206158,825.9756223406703,773.043396492914,878.9078481884266,269.09432019937367,257.28225183433455,280.9063885644128,176.4440413294843,172.60361719644703,180.28446546252155,383.3015726719002
305,1055.8380077056113,1051.9358131795852,1059.7402022316373,819.2137501660584,779.0380417458096,859.3894585863072,244.40035276918468,215.89708147710485,272.9036240612645,178.06954954264077,176.92280468422504,179.2162944010565,383.3015726719002
306,960.4886021704084,893.7616806992085,1027.2155236416083,811.7483961320979,781.5299200776155,841.9668721865803,270.65552979702846,268.9859036017569,272.32515599230004,173.23862192893228,171.7844260505223,174.69281780734224,383.3015726719002
307,944.1672542125722,870.9511828489062,1017.3833255762381,807.7427701376089,788.4371864751645,827.0483538000533,273.37251448217523,267.9284946215127,278.81653434283777,171.7209817477411,169.02991646824486,174.41204702723732,383.3015726719002
308,919.7117375982089,837.0291928997601,1002.3942822966576,804.6752584782432,795.437925370157,813.9125915863294,272.1238940313725,266.6500033574677,277.5977847052773,169.3277981229105,166.30758510961715,172.34801113620387,383.3015726719002
309,935.8472260239753,875.5798499559485,996.1146020920021,802.3829772816148,802.2052232884338,802.5607312747958,256.76823434625834,239.23018164260554,274.30628704991113,168.68041880763417,166.98154951251325,170.37928810275508,383.3015726719002
310,931.0203815338291,875.2674214959275,986.7733415717307,799.4356055620688,791.6939307360703,807.1772803880672,255.56086780163923,242.78984249746847,268.33189310580997,167.92260773275999,167.2642915877087,168.58092387781127,383.3015726719002
311,884.0413418169576,797.2541203616448,970.8285632722703,797.4981827978559,782.5256728487224,812.4706927469894,274.291442612493,271.84586105399336,276.7370241709926,163.7064198452918,163.38347729809354,164.02936239249007,383.3015726719002
312,1020.507098907134,988.0333928614314,1052.9808049528367,797.4580922516121,775.0510667371562,819.865117766068,274.2383758153004,270.75435940212793,277.72239222847287,169.463872464941,165.31115139128318,173.61659353859883,383.3015726719002
313,876.133446760678,799.8346078379835,952.4322856833725,797.4332080644691,767.8578091675357,827.0086069614025,252.46570980570743,232.9502102320364,271.98120937937847,164.87679198877458,163.0993889369679,166.65419504058127,383.3015726719002
314,637.2646416782094,383.9368183542038,890.592465002215,796.0755743767429,760.7458523690913,831.4052963843945,278.2602916521665,268.78847218437664,287.7321111199563,150.19582891407438,145.3103966552147,155.08126117293406,383.3015726719002
315,953.0825083614357,883.0514283133883,1023.113588409483,796.4772422302069,755.1113120752489,837.843172385165,287.5395448198062,280.55293439132043,294.526155248292,161.1772979946286,159.39772019804428,162.9568757912129,383.3015726719002
316,858.0280084483479,785.5942845364349,930.461732360261,797.5745411484206,750.1831114061608,844.9659708906804,282.6673903945276,281.01947737378265,284.3153034152726,158.12561284999413,157.35085229013075,158.9003734098575,383.3015726719002
317,754.968541567239,602.1446233686829,907.792459765795,799.0888386890679,745.6908791796785,852.4867981984572,277.2062585659476,276.567784263109,277.84473286878625,151.40079071793394,148.33872613284052,154.46285530302737,383.3015726719002
318,708.7471570411675,535.9680737052373,881.5262403770977,800.826457754381,741.6971897894824,859.9557257192795,278.22554838340625,276.0465432243335,280.404553542479,146.43651709812883,140.87073730463868,152.00229689161898,383.3015726719002
319,864.0825965643884,855.3236979293383,872.8414951994384,802.9587617369798,738.344746454305,867.5727770196546,274.9900726887091,274.38979150815027,275.590353869268,150.48862146988745,149.97553867020486,151.00170426957004,383.3015726719002
320,929.6240968493335,926.7023540776287,932.5458396210382,805.4666453824215,735.3990370930192,875.5342536718238,271.1233953882837,269.07787446775626,273.16891630881116,153.39191199607015,150.12746683362437,156.65635715851593,383.3015726719002
321,925.7352244419468,921.5311325454295,929.9393163384641,808.3404281002537,732.90725090318,883.7736052973273,267.691601819811,264.5738198752642,270.80938376435785,154.00513782093276,149.04373545575638,158.96654018610914,383.3015726719002
322,932.1151428097787,914.7015668764949,949.5287187430625,811.3998265739044,730.7095152460635,892.0901379017454,282.4217181559751,271.95866897026133,292.88476734168887,153.3502141044816,147.09719739914755,159.60323080981567,383.3015726719002
323,940.9776917267136,927.4727070958864,954.4826763575408,814.6165865533583,728.7973806805993,900.4357924261172,265.6718088854517,257.58916297820866,273.75445479269473,153.5908323837151,147.20332505523578,159.97833971219444,383.3015726719002
324,936.5610867854523,905.1518899458617,967.9702836250428,818.0519767316438,727.1113096883839,908.9926437749036,276.28597296788405,268.43603783766565,284.13590809810245,151.64130661127092,143.98603584061746,159.29657738192438,383.3015726719002
325,923.4892513313046,914.11372059598,932.8647820666291,821.5521415802039,725.6366141600838,917.4676690003239,259.50588205316456,249.22060605085778,269.7911580554713,150.37324068744556,143.487699836671,157.25878153822012,383.3015726719002
326,914.861373817233,888.3412890965467,941.3814585379193,825.5910154173247,724.4564712179467,926.7255596167026,253.89482906390379,246.28145403544028,261.5082040923673,148.60471552314772,141.2419334613867,155.96749758490873,383.3015726719002
327,905.9237789801073,877.4711193666968,934.3764385935177,829.6873500844998,723.3176027736813,936.0570973953184,252.89990483429278,245.86780247228228,259.9320071963033,146.65677358886492,139.28689852607354,154.0266486516563,383.3015726719002
328,919.178019766006,879.8040378978416,958.5520016341703,833.5929646447927,722.3054243486625,944.8805049409228,253.5376011634104,247.8246879569289,259.2505143698919,145.60421251998503,138.06124356874793,153.14718147122213,383.3015726719002
329,961.0170192045075,890.0349515095869,1031.999086899428,837.8353499466164,721.6983802729445,953.9723196202882,253.4263688407851,247.89819458023678,258.9545431013334,146.12998504895907,137.0450285107075,155.21494158721063,383.3015726719002
330,951.5074688806886,881.8484061181942,1021.166531643183,842.9877211578842,721.2659954832994,964.7094468324689,256.0164391297186,253.306961358461,258.72591690097624,144.90086502528547,135.24955155553823,154.5521784950327,383.3015726719002
331,954.4774512669048,882.1872212507644,1026.7676812830452,847.8156416104903,720.8233106866466,974.807972534334,255.6557142104637,252.1793588448289,259.13206957609856,143.79995731171957,134.14900113695964,153.4509134864795,383.3015726719002
332,943.6414716485635,880.6611721463066,1006.6217711508205,852.4563402489566,720.2939701432101,984.6187103547031,254.63851929527084,251.04107187408127,258.2359667164604,141.33542321354028,131.62564987192894,151.04519655515162,383.3015726719002
333,951.2280022996573,875.7746286471308,1026.6813759521838,856.6990882274126,719.794667917408,993.6035085374173,251.98827728563026,246.9222932410525,257.054261330208,140.68380678649822,131.21444070771759,150.15317286527886,383.3015726719002
334,956.5703307487003,870.9502956235231,1042.1903658738775,861.1319234693697,719.3991108582763,1002.864736080463,252.27692444188688,248.79085169570916,255.7629971880646,139.41625467758996,129.3931867704945,149.4393225846854,383.3015726719002
335,935.6056987816878,862.9577339547302,1008.2536636086454,865.5483646835569,718.9024451771629,1012.1942841899508,252.349990302738,249.1450753867433,255.55490521873273,136.95385593764536,127.23021973426873,146.677492141022,383.3015726719002
336,1014.8084190875302,871.507313571549,1158.1095246035113,869.4441779123028,718.4909680114116,1020.3973878131941,253.25347427220947,251.18255040472405,255.3243981396949,139.14202817342485,126.75735146942324,151.52670487742645,383.3015726719002
337,1003.2448299705572,862.3164702159576,1144.173189725157,873.8612619462201,718.2147658051756,1029.5077580872646,253.18210114407017,251.41116215162896,254.9530401365114,138.7715569973971,125.57984606978386,151.96326792501037,383.3015726719002
338,1028.5884820080403,869.6094985732173,1187.5674654428633,878.2544473001949,717.9469237306582,1038.5619708697316,250.4662884412368,247.0623292320662,253.8702476504074,139.01415215206606,124.79807972629479,153.23022457783733,383.3015726719002
339,1032.3307784009085,866.4448544955676,1198.2167023062493,882.5716614702976,717.6865332035417,1047.4567897370534,246.0722204175452,240.47761526369897,251.66682557139143,138.61041923877315,123.87832655959498,153.34251191795133,383.3015726719002
340,1035.4029988967202,864.7789676384043,1206.027030155036,886.8411789909638,717.4243179823071,1056.2580399996207,245.9738623378516,242.15314465780614,249.7945800178971,137.30269613575734,121.90960830473902,152.69578396677568,383.3015726719002
341,1041.3252072551863,863.9743289685873,1218.6760855417854,891.0293917631868,717.1620635038632,1064.8967200225104,260.17495944545266,252.11875111462095,268.2311677762844,135.75648449219779,120.23068872450088,151.2822802598947,383.3015726719002
342,1069.7102419341513,890.3942833993177,1249.026200468985,895.3099252522566,716.9800532198705,1073.6397972846426,250.4796218940741,245.99919324434825,254.96005054379998,136.52456597512557,121.50722010326172,151.54191184698942,383.3015726719002
343,1102.8011919477588,885.8269389936165,1319.775444901901,899.6571821912039,716.971431593556,1082.3429327888518,250.4041526841512,250.3268858468574,250.481419521445,135.25928882660259,119.36277353892518,151.15580411428,383.3015726719002
344,1165.9406397430434,980.890626174774,1350.9906533113128,904.1423274124882,717.0195762155369,1091.2650786094396,250.4491464304793,250.27388786062593,250.62440500033264,134.3893439657312,118.01628041001115,150.76240752145125,383.3015726719002
345,1174.6714469606932,996.6398619154106,1352.7030320059757,908.631097226872,717.0748166277502,1100.1873778259937,250.18495497399155,249.96098776817587,250.40892217980723,133.6941121630381,117.131002614903,150.25722171117323,383.3015726719002
346,1175.479096003094,983.9461688490194,1367.0120231571684,913.0763981991151,717.1237675823052,1109.0290288159251,249.84980653845196,249.3639110106133,250.33570206629062,133.08603094166094,116.18990851531302,149.98215336800885,383.3015726719002
347,1179.0082219948868,983.1239547798161,1374.8924892099574,917.5429760903392,717.1980461247906,1117.8879060558877,249.6090457670321,248.75615214817287,250.4619393858913,132.34485933396564,115.13466438215859,149.5550542857727,383.3015726719002
348,1183.5717868644965,979.3129292529281,1387.830644476065,921.9958863498344,717.2976398379515,1126.6941328617174,249.33694556272496,248.18750700122092,250.486384124229,131.56549880096395,113.91946955900897,149.21152804291893,383.3015726719002
349,1197.445202761759,979.5493005597023,1415.3411049638157,926.5059185890107,717.4753841189681,1135.5364530590532,250.01312957106035,247.76647902253313,252.25978011958756,131.4115243458727,113.13643973866446,149.6866089530809,383.3015726719002
350,1189.2528142842546,972.7041933982707,1405.8014351702384,931.1795085744538,717.6422417151989,1144.7167754337088,250.06331703827198,247.5339419934592,252.59269208308476,130.4301929787392,112.08067310983304,148.77971284764536,383.3015726719002
351,1193.953218544546,969.4515971805374,1418.4548399085545,935.6369259870598,717.797917588964,1153.4759343851556,249.69731268061793,247.0149918655791,252.37963349565675,129.7656968206062,111.27680313807689,148.2545905031355,383.3015726719002
352,1173.7797400134868,962.4974789886176,1385.0620010383561,940.244459035444,718.2175690623942,1162.2713490084939,249.5771984129152,246.42695589576508,252.72744093006534,129.00189406856953,110.09225862504238,147.91152951209668,383.3015726719002
353,1102.5123667926666,827.7670572605036,1377.2576763248296,945.0273450795582,718.5940865436908,1171.4606036154257,249.54722295039886,245.84528845815288,253.24915744264484,128.53565290662706,109.10790276492003,147.9634030483341,383.3015726719002
354,1056.3873282423283,725.3146053555313,1387.4600511291253,949.7637151119771,718.9198996623775,1180.6075305615768,249.19843024483993,245.28411070526002,253.11274978441983,127.66176078575802,108.1847353374396,147.13878623407643,383.3015726719002
355,1058.990450633264,723.6651891681647,1394.315712098363,954.3139245199968,719.203553504891,1189.4242955351026,248.59449387428253,244.56300949118932,252.62597825737575,126.80746413793791,107.28082968781865,146.33409858805717,383.3015726719002
356,1063.3474975380884,726.8771473146901,1399.8178477614867,958.819689789475,719.4754658211041,1198.1639137578459,249.0512863055527,243.97907576362854,254.12349684747687,126.03592829541421,106.65890066359282,145.4129559272356,383.3015726719002
357,1097.92849790532,737.4672233218857,1458.3897724887543,963.4144983442399,719.93239107407,1206.8966056144097,249.9125345205477,243.85132261302607,255.97374642806932,126.34660169388718,105.7210943114735,146.97210907630085,383.3015726719002
358,1081.7103693233394,732.7088297660109,1430.7119088806678,968.4940662811825,720.3519185608446,1216.6362140015206,250.35161040954262,243.62826250997807,257.07495830910716,125.13403915320632,104.60647867689659,145.66159962951605,383.3015726719002
359,756.3635524326489,673.9715208531136,838.7555840121843,972.7925581462232,720.1317344095467,1225.4533818828997,247.13795969260877,242.72216492607535,251.5537544591422,111.12813673719376,101.48377705768377,120.77249641670375,383.3015726719002
360,461.23452191033374,260.4072343111833,662.0618095094842,645.6786823877424,119.25970610860543,1172.0976586668794,245.13100017209018,241.61657525904093,248.64542508513944,48.96166126149326,9.043435213071284,88.87988730991523,383.3015726719002
361,353.68377192769356,65.32695572276884,642.0405881326183,0.0,0.0,0.0,237.96516744383143,235.9900311002704,239.94030378739248,0.0,0.0,0.0,383.3015726719002
362,495.9219498019478,218.70953348034362,773.1343661235519,330.70236501829527,61.082188304024726,600.3225417325658,236.48061012995677,235.97658520665505,236.9846350532585,54.12348621962368,9.996847094681186,98.25012534456617,383.3015726719002
363,1127.916599249654,433.9351257651117,1821.8980727341961,980.1712328819966,719.8494067317763,1240.493059032217,232.75729582246953,230.12591956775847,235.3886720771806,122.06190179963369,115.16584507370104,128.95795852556634,383.3015726719002
364,1531.6829414983492,1169.6019618719727,1893.7639211247258,984.8502912209242,720.1981920084222,1249.5023904334262,242.53102249853845,234.7536574369557,250.3083875601212,133.23676378550144,128.10708658582033,138.36644098518255,383.3015726719002
365,1547.4300818760707,1225.5388260575367,1869.3213376946048,989.3347023705107,720.5358402027189,1258.1335645383026,245.75785291651803,238.27638137637365,253.23932445666242,136.53291796943375,131.0729594371838,141.9928765016837,383.3015726719002
366,1505.178099437738,1210.1405396962843,1800.2156591791916,993.7040793743154,720.7001454876149,1266.7080132610158,245.89482949134228,238.21566022277432,253.57399875991024,137.05128501835136,132.36782055084475,141.73474948585798,383.3015726719002
367,1505.632082859788,1191.0693319053785,1820.1948338141974,997.7442706349755,720.9412159173769,1274.547325352574,244.35788025760147,237.5552870626675,251.16047345253543,137.27968059181023,131.4286175833012,143.13074360031928,383.3015726719002
368,1490.941225923375,1181.50204234091,1800.38040950584,1002.1453080963092,721.2102876921344,1283.080328500484,246.3022980484199,236.86764604550262,255.7369500513372,136.80055633061085,130.34811305892185,143.25299960229984,383.3015726719002
369,1475.4388975414117,1174.8464178214101,1776.0313772614134,1006.4171484711608,721.419269350743,1291.4150275915786,246.7080105943441,237.2975458307776,256.1184753579106,135.88941311441744,129.00741806528882,142.77140816354606,383.3015726719002
370,1460.2065418995726,1157.7932706965248,1762.6198131026204,1010.574909652737,721.5991437653611,1299.550675540113,246.23507278018315,236.8194174782314,255.6507280821349,134.72772306155684,127.14273122680109,142.3127148963126,383.3015726719002
371,1448.6981353815504,1144.5998423055448,1752.796428457556,1014.7044016571692,721.7742873794596,1307.634515934879,245.91904708463522,236.2044136592228,255.63368051004764,133.79533040851874,125.86385251363451,141.72680830340295,383.3015726719002
372,1444.1253038963223,1141.524342611692,1746.7262651809526,1018.7821592953167,721.937869941921,1315.6264486487123,246.51763095071024,235.80719243985575,257.2280694615647,133.2456705312191,125.23450083399744,141.25684022844078,383.3015726719002
373,1435.5653792902337,1134.9658565558766,1736.164902024591,1022.8207942480694,722.0842728050569,1323.5573156910818,247.14064723315215,235.7488835180453,258.53241094825904,132.34493212950406,124.12657864719486,140.56328561181326,383.3015726719002
374,1433.800276617384,1127.9430629375122,1739.657490297256,1026.8121617483348,722.251882546306,1331.3724409503636,248.33797637609393,235.74129452000165,260.9346582321862,131.97129360921053,123.51835981378112,140.42422740463996,383.3015726719002
375,1403.6266456370518,1115.5769046303574,1691.6763866437461,1030.9593413402295,722.5776184707939,1339.341064209665,250.42678179707548,236.10754049962887,264.74602309452206,130.36380622491282,122.54795465187968,138.17965779794596,383.3015726719002
376,1397.21414938488,1108.0897674702037,1686.3385312995565,1034.8541367702742,722.8419067644938,1346.8663667760545,251.00061216419567,236.4662608539764,265.53496347441495,129.2202087012396,121.43492142387895,137.0054959786003,383.3015726719002
377,1388.1915738500734,1093.9677508281131,1682.4153968720336,1038.7298741889886,723.0997240044569,1354.3600243735202,251.23882351754384,236.18017680166295,266.2974702334247,127.77952767384139,119.46541810908076,136.093637238602,383.3015726719002
378,1386.905601019405,1087.6020439874853,1686.2091580513245,1042.579846333708,723.3666989779983,1361.7929936894177,251.68832264287897,235.8570828250139,267.51956246074405,127.22920478532671,118.79697926044219,135.66143031021124,383.3015726719002
379,1383.870832006639,1083.7159769019052,1684.0256871113727,1046.4403170105545,723.6286121780307,1369.2520218430782,252.1274473153387,235.62280227871983,268.63209235195757,126.43856361081902,117.72952574613508,135.14760147550294,383.3015726719002
380,1378.6875956138965,1075.8252462828345,1681.5499449449585,1050.2465468451517,723.8639546061365,1376.6291390841668,252.16957689091635,235.28847042254236,269.0506833592903,125.6998230122631,116.69553655994555,134.70410946458065,383.3015726719002
381,1374.2248348035153,1064.4176812910248,1684.0319883160057,1054.0267002320284,724.1139566406606,1383.9394438233962,248.89937596145813,234.21623289683046,263.58251902608583,125.28348027697672,115.89349312709062,134.67346742686283,383.3015726719002
382,1379.0897401880927,1049.9443802568535,1708.235100119332,1057.9207268087664,724.4630582371781,1391.3783953803547,245.5204107404166,231.9455774021612,259.095244078672,125.26664602305011,115.06359612134375,135.46969592475648,383.3015726719002
383,1382.9505917074434,1045.2513133138752,1720.6498701010116,1062.0885600106885,724.9352783323897,1399.2418416889873,242.75026640739316,229.88801583451817,255.61251698026814,124.76464661211918,113.56317205655685,135.9661211676815,383.3015726719002
384,1390.5185573725296,1042.103006750524,1738.9341079945352,1066.3982182495283,725.4782571739738,1407.3181793250828,241.66617541232512,228.2584737409436,255.07387708370663,125.0818887430031,113.41119609099371,136.7525813950125,383.3015726719002
385,1392.037719941094,1036.7030190255296,1747.3724208566587,1070.867445037999,726.0656912897343,1415.6691987862637,240.58208564752815,227.22883186574822,253.93533942930807,124.53030857288755,111.94088003022398,137.11973711555112,383.3015726719002
386,1394.7482018219982,1028.5864982136195,1760.909905430377,1075.3753179344722,726.6715421039489,1424.0790937649954,238.14192317534037,225.84363912991626,250.44020722076448,124.6877521443298,111.6618826378169,137.71362165084273,383.3015726719002
387,1394.7536812945116,1019.118479909749,1770.388882679274,1079.9867319399796,727.3208181266352,1432.652645753324,237.9861239372023,224.4582615070004,251.51398636740421,124.40489319343965,110.76956293694153,138.04022344993777,383.3015726719002
388,1396.2254259084182,1011.8515310959178,1780.5993207209185,1084.6521442945052,727.9775681320782,1441.3267204569322,239.8794919535057,224.34626275328614,255.41272115372524,124.01035295339267,109.96647585260575,138.05423005417958,383.3015726719002
389,1383.638054473538,1009.3839823839058,1757.8921265631702,1089.2384234709507,728.5055289127021,1449.9713180291992,241.20881235351487,224.731608595264,257.68601611176575,122.63403041207982,108.81630520614458,136.45175561801506,383.3015726719002
390,1392.8558997031068,1008.1416185013702,1777.5701809048435,1093.4625973861298,729.0173652699266,1457.907829502333,242.58411764800212,224.93609639061782,260.2321389053864,122.09670737820393,108.02209170576168,136.17132305064618,383.3015726719002
391,1373.22078488712,999.6566816541906,1746.7848881200496,1097.8170336294686,729.5333798648187,1466.1006873941185,243.87523967215856,225.14548431026228,262.6049950340548,120.56999371822043,107.05674906173223,134.08323837470863,383.3015726719002
392,1376.4359481215752,998.3223114398033,1754.549584803347,1102.0761269287789,730.0276699591238,1474.124583898434,245.2524968107379,225.34314966469032,265.1618439567855,119.52999402355947,106.14317118132257,132.91681686579636,383.3015726719002
393,1384.5316948042282,997.9626728409977,1771.1007167674588,1106.322963287691,730.5546420569223,1482.0912845184598,246.2118796277647,225.51925552133426,266.90450373419515,118.78926213642764,105.07506695703952,132.50345731581575,383.3015726719002
394,1384.339775453766,997.6882307560074,1770.9913201515244,1110.624122577503,731.0557155524675,1490.1925296025383,246.9129120433784,225.45207696007478,268.3737471266821,117.7950595481276,103.85701071889544,131.73310837735977,383.3015726719002
395,1389.7188020997858,996.3879801812861,1783.0496240182854,1114.796342007553,731.5494358139929,1498.043248201113,247.56407033711264,225.35178617409332,269.77635450013196,117.4793712279781,103.55619712690897,131.40254532904723,383.3015726719002
396,1389.961954406496,996.055557671504,1783.8683511414881,1118.9775299465473,732.0284563363547,1505.9266035567398,248.20839642224263,225.21247347508822,271.20431936939707,116.54277696446654,102.42534880578154,130.66020512315154,383.3015726719002
397,1469.1506275703214,1009.5147696653016,1928.7864854753411,1123.0478203599334,732.4355543551717,1513.6600863646952,248.54944892115265,225.02630327641737,272.0725945658879,119.44069265788566,102.3895199641691,136.49186535160223,383.3015726719002
398,1466.7771218752143,1005.1177461397201,1928.4364976107086,1126.9278176197186,732.7803711421076,1521.0752640973296,247.9817633591403,224.6605829077446,271.302943810536,120.22374784128048,101.83937471957738,138.6081209629836,383.3015726719002
399,1469.082024514646,1002.9792190259379,1935.1848300033541,1130.7030968578626,733.1035945163756,1528.3025991993497,249.44318663870786,224.34346653028587,274.54290674712985,120.22102157694471,101.05993689295929,139.38210626093013,383.3015726719002