DATEPRD,prod_X7405f,prod_X7078,prod_X5599,prod_X7289,in_X7405f,in_X7078,in_X5599,in_X5351,in_X7289,pres_X7405f,pres_X7078,pres_X5599,pres_X5351,pres_X7289,prod_X5351
25.03.2014,0.0,219.97,48.29,178.5,0.0,53.77,1664.34,122.3,0.0,0.0,256.4124910508301,0.0,276.31511862201194,208.31327752370512,9.81
26.03.2014,0.0,1172.89,269.0,72.79,0.0,147.51,4770.16,3122.64,0.0,0.0,242.57675166666667,0.0,258.183935625,200.11352416666668,486.84
27.03.2014,0.0,497.54,89.6,197.56,0.0,89.38,2269.68,1509.83,0.0,0.0,238.57748764390107,0.0,261.341869489216,208.807112938208,164.78
28.03.2014,0.0,179.61,20.58,295.02,0.0,30.52,493.1,3475.35,0.0,0.0,260.19989200016926,0.0,260.6207004166667,214.06814916666667,401.02
29.03.2014,0.0,357.54,103.6,190.24,0.0,58.31,2382.29,1170.58,0.0,0.0,259.27491162522614,0.0,268.2931897072546,212.8570680872364,140.74
30.03.2014,0.0,1111.8,234.42,343.28,0.0,153.51,4563.64,3430.13,0.0,0.0,235.74184022727272,0.0,255.79501,199.96975545454546,487.12
31.03.2014,0.0,1261.62,247.62,232.99,0.0,171.46,4745.08,3677.86,0.0,0.0,235.01954375,0.0,255.80096479166667,200.09215166666667,530.62
01.04.2014,0.0,1260.09,246.51,244.15,0.0,172.76,4765.39,3694.08,0.0,0.0,235.15580833333334,0.0,255.78118,201.4224075,528.32
02.04.2014,0.0,1262.15,247.15,243.97,0.0,173.27,4783.94,3708.42,0.0,0.0,235.40079708333334,0.0,255.697329375,201.166395625,529.68
03.04.2014,0.0,1266.28,248.03,244.72,0.0,174.0,4805.62,3725.35,0.0,0.0,235.28930333333332,0.0,255.81024791666667,200.82722583333333,531.58
04.04.2014,0.0,1280.31,206.64,248.08,0.0,152.74,5324.8,3280.28,0.0,0.0,235.33332916666666,0.0,255.89589104166666,200.36968458333334,539.14
05.04.2014,0.0,1286.67,210.29,245.44,0.0,152.04,5367.46,3249.45,0.0,0.0,235.41844127659576,0.0,255.93436914893616,200.44105595744682,539.2
06.04.2014,0.0,925.83,171.1,183.67,0.0,103.78,4142.76,2293.01,0.0,0.0,236.57080302641918,0.0,256.69675699588475,200.3852650990651,401.1
07.04.2014,0.0,52.88,12.44,208.02,0.0,6.93,352.23,3101.81,0.0,0.0,259.0674892527911,0.0,260.6842038876984,206.9714162745629,428.03
08.04.2014,0.0,1040.68,198.5,240.57,0.0,125.09,5153.94,3614.91,0.0,0.0,243.10870333333332,0.0,255.671115625,199.90904479166667,543.96
09.04.2014,0.0,1217.92,209.39,249.1,0.0,138.72,5151.32,3612.1,0.0,0.0,235.15237208333335,0.0,255.92604354166667,200.106830625,573.63
10.04.2014,0.0,985.07,202.46,220.07,0.0,110.4,4900.96,1824.07,0.0,0.0,244.14076804443224,0.0,261.77901726597537,203.13339165174384,294.4
11.04.2014,0.0,1259.32,213.71,251.02,0.0,141.02,5169.15,3624.79,0.0,310.37614,235.30736333333334,0.0,255.91725979166668,200.07890770833333,585.5
12.04.2014,0.0,1254.79,213.39,249.52,0.0,140.53,5162.14,3619.35,0.0,303.50078,235.12008333333333,0.0,256.13324895833335,199.964206875,584.55
13.04.2014,0.0,1250.18,210.65,246.85,0.0,142.97,5203.53,3649.33,0.0,303.53481,235.381026875,0.0,256.17131958333334,200.31724895833332,577.19
14.04.2014,0.0,1245.44,215.16,247.48,0.0,139.97,5223.19,3632.11,0.0,303.78228,235.55491787234044,0.0,256.2812714893617,200.37872145833333,584.55
15.04.2014,0.0,1256.97,210.76,247.69,0.0,144.33,5227.06,3667.07,0.0,303.85821,235.53443229166666,0.0,256.42368708333333,200.21722979166665,577.68
16.04.2014,0.0,1248.98,210.38,247.99,0.0,143.7,5228.24,3668.25,0.0,303.79187,234.92321083333334,0.0,255.86642229166668,199.50073,576.69
17.04.2014,0.0,1267.54,213.0,250.07,0.0,143.9,5223.16,3663.09,0.0,304.33518,235.11703333333332,0.0,256.675970625,200.2243225,583.62
18.04.2014,0.0,1256.91,210.99,247.18,0.0,144.3,5232.14,3668.67,0.0,304.84859,235.54554645833332,0.0,256.74566020833333,200.15638145833333,578.0
19.04.2014,0.0,1283.57,211.19,251.39,0.0,147.55,5243.69,3679.37,0.0,305.37149,234.98512,0.0,256.8413120833333,199.51733291666667,578.95
20.04.2014,0.0,1284.97,209.66,251.0,0.0,148.67,5239.8,3676.4,0.0,313.87058,235.05348854166667,0.0,256.91263541666666,199.46988104166667,574.74
21.04.2014,0.0,1261.85,169.26,248.55,0.0,134.77,3904.87,3397.91,0.0,301.3756413043478,235.87393770833333,0.0,256.30745875,199.78658083333335,575.45
22.04.2014,631.47,1206.79,137.8,237.41,0.0,121.1,2986.69,3080.94,0.0,289.42136166666666,235.996225,0.0,256.0447908333333,199.96973854166666,555.35
23.04.2014,1166.46,1278.99,151.04,217.96,0.0,136.4,3479.23,3427.95,0.0,270.23979291666666,235.831538125,0.0,256.2611885416667,199.7739303106474,581.4
24.04.2014,1549.81,833.38,200.67,192.44,0.0,83.46,4340.92,3955.91,0.0,262.8427475,235.70414535714286,0.0,256.3915322916667,204.99762631213096,714.49
25.04.2014,1248.7,1294.23,163.06,247.23,0.0,151.94,4134.72,3829.02,0.0,255.52699520833335,235.91356875,0.0,256.344845625,199.74924708333333,589.96
26.04.2014,1345.78,1280.42,173.54,244.07,0.0,150.99,4420.45,3805.51,0.0,247.19905208333333,236.16223166666666,0.0,256.49305395833335,200.3367225,583.71
27.04.2014,1349.56,1266.17,213.48,243.12,0.0,144.53,5263.79,3690.76,0.0,240.736416875,236.66421979166665,0.0,256.615710625,200.53364166666665,584.82
28.04.2014,1345.61,1295.64,212.63,245.97,0.0,147.68,5235.24,3671.32,0.0,235.02093145833334,235.89336166666666,0.0,256.7073502083333,200.226023125,582.58
29.04.2014,1279.46,1267.79,202.33,238.06,0.0,151.96,5238.2,3675.44,0.0,232.74371041666666,235.973138125,0.0,256.81220520833335,200.01622791666668,554.65
30.04.2014,1225.62,1256.92,196.8,230.51,0.0,154.95,5240.19,3675.62,0.0,233.29777791666666,233.89654083333335,0.0,256.9661775,199.97377770833333,539.32
01.05.2014,1212.9,1349.88,194.26,229.21,0.0,168.21,5228.85,3669.33,0.0,231.0888975,229.995134375,0.0,257.11118791666667,199.318388125,532.62
02.05.2014,1074.04,1350.61,193.48,227.49,0.0,168.2,5204.55,3651.3,0.0,231.41900520833335,229.85697416666667,0.0,257.39889270833334,199.53816041666667,530.32
03.05.2014,1044.17,1342.36,193.05,225.58,0.0,168.8,5243.66,3678.1,0.0,230.76554520833332,229.75282958333332,0.0,257.39048291666666,200.09394333333333,529.07
04.05.2014,970.2,1344.44,191.08,224.74,0.0,170.86,5245.19,3681.09,0.0,230.595831875,229.74459208333334,0.0,257.5395879166667,199.74755395833333,523.92
05.05.2014,946.12,1318.46,199.63,258.38,0.0,158.84,5365.15,3551.18,0.0,229.423676875,229.90915645833334,0.0,257.71218208333335,200.031445625,544.38
06.05.2014,1002.83,1292.56,196.51,254.05,0.0,158.44,5373.31,3556.1,0.0,225.9024775,230.10661208333335,0.0,257.927764375,199.92346375,535.8
07.05.2014,925.31,1281.25,195.86,252.47,0.0,156.53,5338.1,3532.36,0.0,225.76834875,230.34427208333332,0.0,258.9602,200.22396625,533.97
08.05.2014,913.86,1156.6,105.51,261.88,0.0,163.93,3335.92,2018.08,0.0,225.68692270833333,230.49517109212306,0.0,260.69887140391023,200.24520583333333,262.96
09.05.2014,176.8,493.47,0.0,348.6,0.0,202.56,0.0,0.0,0.0,227.79783849312602,256.71145128742165,0.0,302.26862,199.74456520833334,0.0
10.05.2014,944.19,1206.07,0.0,253.83,0.0,308.35,0.0,1485.53,0.0,226.06091479166668,233.16163145833335,0.0,272.11245415378266,199.83165916666667,107.31
11.05.2014,823.41,1111.36,94.4,231.51,0.0,141.34,2678.26,3232.52,0.0,225.09668541666667,231.19132583333334,0.0,258.47763,200.19370083333334,469.42
12.05.2014,769.01,1089.83,175.82,224.81,0.0,131.61,4736.55,3133.21,0.0,226.02269270833332,230.73491666666666,0.0,257.4842316666667,200.74209645833332,479.16
13.05.2014,740.8,1108.5,177.92,223.23,0.0,129.28,4628.9,3038.39,0.0,226.90499510638298,231.10826170212766,0.0,256.33603063829787,200.6421063829787,481.15
14.05.2014,713.24,1120.87,180.26,225.84,0.0,125.34,4496.53,2951.34,0.0,225.57624978723405,230.57296276595744,0.0,254.7117795744681,200.49656680851064,487.45
15.05.2014,743.83,1051.71,64.25,210.63,0.0,134.46,1832.48,3159.15,0.0,225.89259895833334,229.0462204255319,0.0,254.79364404255318,200.33091531914894,456.34
16.05.2014,736.09,1069.25,0.0,210.13,0.0,133.96,0.0,3055.21,0.0,225.70079787234042,225.12221425531914,0.0,255.72236723404257,200.24234021276595,450.38
17.05.2014,782.88,1065.51,0.0,232.87,0.0,133.28,0.0,3087.1,0.0,223.60251041666666,225.39774354166667,0.0,255.77308104166667,195.28945666666667,455.79
18.05.2014,834.68,1060.68,0.0,225.92,0.0,136.64,0.0,3177.82,0.0,220.10196229166667,225.32186829787233,0.0,255.48596617021278,195.33178520833334,455.57
19.05.2014,788.8,1070.94,0.0,220.88,0.0,140.15,0.0,3194.7,0.0,220.49043893617022,225.1499255319149,0.0,255.65943041666668,195.2088029787234,450.86
20.05.2014,783.06,1039.28,0.0,222.58,0.0,135.83,0.0,3213.03,0.0,220.153866875,225.13586319148936,0.0,255.822333125,195.13565479166667,454.02
21.05.2014,743.77,1051.25,0.0,221.78,0.0,137.24,0.0,3212.34,0.0,220.06589395833333,225.30838770833333,0.0,255.95010958333333,195.024659375,454.45
22.05.2014,735.41,1056.25,0.0,223.49,0.0,141.14,0.0,3321.19,0.0,219.982621875,225.2072525,0.0,256.5115685416667,195.22455145833334,459.04
23.05.2014,742.89,1067.53,0.0,224.58,93.31,149.15,0.0,3509.66,0.0,219.86292604166667,225.11427479166667,0.0,257.2639422916667,195.228809375,463.91
24.05.2014,746.54,1079.36,0.0,224.8,100.42,161.5,0.0,3791.49,0.0,219.922990625,225.21326520833333,0.0,257.93922729166667,195.06958791666668,468.0
25.05.2014,750.57,1102.34,1.3,218.49,101.01,165.02,43.39,3807.02,0.0,219.9771025,225.04233041666666,0.0,258.21713520833333,196.76247291666667,469.68
26.05.2014,727.26,1057.78,144.14,195.66,86.62,140.14,4259.98,3215.74,0.0,219.97377531914893,225.10062872340424,0.0,258.4139370212766,200.09621382978725,448.28
27.05.2014,715.5,1063.17,164.82,201.53,91.08,150.54,5205.98,3443.92,0.0,219.98047520833333,225.24135895833334,0.0,258.5028247916667,200.09804458333332,449.19
28.05.2014,695.01,1087.43,189.1,231.07,76.96,198.19,5081.04,3584.5,0.0,219.26666729166666,224.79586395833334,0.0,257.56798125,199.24199416666667,416.03
29.05.2014,698.77,1096.32,190.12,234.29,77.13,199.19,5092.52,3592.57,0.0,220.00718041666667,225.553343125,0.0,258.73427458333333,199.83402145833332,418.28
30.05.2014,704.08,1111.83,191.25,237.1,77.96,202.64,5138.9,3625.55,0.0,220.00026020833334,225.65129583333334,0.0,258.8888575,200.07686916666665,420.8
31.05.2014,715.93,1134.99,194.94,241.19,78.99,206.11,5219.0,3681.69,0.0,219.99351354166666,225.55593229166666,0.0,259.01325979166666,200.2480575,428.87
01.06.2014,724.21,1152.6,196.08,243.64,80.08,209.79,5261.52,3712.49,0.0,220.00573708333334,225.11961770833332,0.0,259.132528125,200.16755979166666,431.47
02.06.2014,459.83,1068.24,194.41,221.03,46.21,176.72,4741.35,2547.44,0.0,221.3284255119818,228.66496655886047,0.0,265.38209732895456,202.56385129521396,325.75
03.06.2014,715.1,1109.18,194.94,239.71,80.7,206.04,5338.86,3614.06,0.0,220.24048708333333,225.11948979166667,0.0,259.4524125,200.59302895833332,411.55
04.06.2014,706.8,1109.98,193.38,237.3,79.73,206.1,5293.71,3702.08,0.0,221.267634375,225.57977,0.0,259.46901729166666,201.34150083333333,421.75
05.06.2014,677.29,1178.62,204.21,255.67,90.57,207.6,5302.87,3706.65,0.0,221.044650195642,225.1734864053114,0.0,259.60201458333336,200.80244500869162,445.16
06.06.2014,690.38,1180.81,204.19,256.0,92.18,207.67,5294.26,3702.68,0.0,220.74979458333334,225.91888041666667,0.0,259.668705625,200.30698229166666,445.36
07.06.2014,694.3,1199.75,205.56,257.84,92.07,209.56,5293.33,3705.14,0.0,220.64014083333333,225.23656395833333,0.0,259.74414270833336,200.13932104166668,448.72
08.06.2014,690.7,1197.7,205.52,256.49,91.25,208.41,5272.31,3719.26,0.0,220.50405041666667,225.11202166666666,0.0,259.79588583333333,200.37515541666667,452.13
09.06.2014,238.45,1349.24,231.66,288.87,28.15,209.78,5310.31,3746.07,0.0,221.45051448717948,225.20944166666666,0.0,259.91997729166667,200.33501541666666,509.65
10.06.2014,647.11,1189.09,205.19,255.7,84.88,205.42,5225.99,3686.59,0.0,220.85169229166667,225.36724291666667,0.0,260.0027327083333,200.23899208333333,451.41
11.06.2014,745.92,1172.31,205.71,254.83,94.23,195.05,5045.96,3559.6,0.0,218.41471229166666,225.38337666666666,0.0,260.0255970833333,200.07597791666666,452.56
12.06.2014,804.85,1175.15,205.41,253.87,101.88,195.92,5048.71,3561.53,0.0,215.49685895833332,224.829265625,0.0,260.03666416666664,199.94365458333334,451.89
13.06.2014,818.89,1116.79,193.5,239.97,56.75,197.37,5041.78,3655.3,0.0,214.823228125,224.68764791666666,0.0,260.08951916666666,200.12356270833334,503.1
14.06.2014,781.21,1102.45,190.4,236.57,54.32,195.5,4977.8,3608.91,0.0,215.83254083333333,224.86779208333334,0.0,260.1227397916667,199.80209458333334,495.05
15.06.2014,786.16,1104.3,190.81,236.55,54.55,195.43,4978.24,3609.22,0.0,214.877320625,224.94912125,0.0,260.1347875,199.6530075,496.1
16.06.2014,757.43,1120.89,192.67,232.51,51.84,195.67,4958.67,3595.03,0.0,215.38082170212766,223.1118025531915,0.0,260.1441929787234,199.44805574468086,500.94
17.06.2014,726.5,1156.42,188.43,231.91,50.67,205.72,4941.76,3582.77,0.0,216.11873333333332,220.39234583333334,0.0,260.1647610416667,199.84422458333333,489.91
18.06.2014,723.96,1160.01,187.27,229.52,51.3,209.65,4989.68,3617.52,0.0,215.98383375,220.02878875,0.0,260.18732708333334,200.892961875,486.9
19.06.2014,715.28,1147.01,186.05,225.7,52.96,216.58,5179.11,3754.86,0.0,215.818061875,219.926858125,0.0,260.255389375,201.66464041666666,483.72
20.06.2014,710.62,1146.84,185.52,226.71,50.87,209.38,4993.58,3620.34,0.0,215.57881625,219.90632104166667,0.0,260.3342083333333,200.066720625,482.36
21.06.2014,708.04,1146.08,184.04,225.72,50.48,208.39,4933.4,3576.71,0.0,215.30386958333332,219.46973270833334,0.0,260.36776145833335,200.69877833333334,478.49
22.06.2014,702.73,1136.02,182.39,223.97,51.7,213.17,5045.65,3658.1,0.0,214.949325,219.92444958333334,0.0,260.457258125,200.02323895833334,474.22
23.06.2014,695.74,1117.48,179.37,219.8,51.69,211.74,5010.68,3632.75,0.0,214.85795,219.93884145833334,0.0,260.92321416666664,200.291328125,466.36
24.06.2014,658.27,1169.41,187.64,226.23,94.65,221.46,5238.81,3432.94,0.0,214.89729020833335,219.70114729166667,0.0,260.59671083333336,200.3516375,440.96
25.06.2014,576.35,1199.09,196.91,231.36,79.35,217.44,5264.07,3449.48,0.0,214.82190723404256,220.15406638297873,0.0,260.6865389361702,200.1553325531915,462.73
26.06.2014,369.83,660.56,120.5,127.49,51.46,121.06,3255.87,1383.83,0.0,219.55899298132522,234.44419285006794,0.0,174.7931440653212,207.25803306313333,183.67
27.06.2014,418.45,964.21,173.73,205.56,59.2,179.68,4773.03,2273.92,0.0,217.25173717366394,230.92663584558832,0.0,147.20070812765957,201.3213126103721,296.83
28.06.2014,588.96,1119.75,186.58,225.63,91.66,229.53,5638.6,3325.23,0.0,215.09275833333334,219.87866319148935,0.0,260.6713829787234,199.99426936170212,394.59
29.06.2014,571.88,1107.66,187.26,220.34,81.73,208.5,5196.92,3343.15,0.0,215.258875,220.1648695744681,0.0,260.58821978723404,200.21273127659575,432.02
30.06.2014,512.52,1141.0,191.87,226.06,71.37,209.26,5187.85,3337.32,0.0,215.35081520833333,220.2959810638298,0.0,260.6560946808511,200.16779340425532,442.64
01.07.2014,563.26,1109.35,186.83,226.89,78.69,204.13,5068.4,3321.27,0.0,215.38468833333334,220.0743725,0.0,260.61706979166667,199.96443375,439.06
02.07.2014,564.26,1109.15,186.85,226.6,78.72,203.81,5061.94,3317.03,0.0,215.40707854166666,220.10895916666666,0.0,260.67957270833335,200.04025104166666,439.09
03.07.2014,565.09,1110.91,187.02,226.34,78.88,204.26,5069.62,3322.06,0.0,215.33240229166665,220.094055625,0.0,260.73699833333336,199.91394145833334,439.5
04.07.2014,563.73,1111.67,185.51,225.47,79.55,206.62,5083.2,3330.96,0.0,215.21147125,219.98941291666668,0.0,260.79030666666665,200.09302083333333,435.95
05.07.2014,563.46,1107.58,185.2,225.66,79.95,206.98,5102.59,3343.67,0.0,215.11890875,220.04977208333332,0.0,260.81742354166664,199.98025583333333,435.23
06.07.2014,563.38,1098.4,184.96,225.73,80.3,206.21,5119.57,3354.79,0.0,215.0673625,220.03946354166666,0.0,260.875286875,200.05032770833333,434.67
07.07.2014,522.0,1110.52,188.38,229.33,154.47,201.25,5033.01,3298.06,0.0,215.07005708333332,220.256729375,0.0,260.8954595833333,200.28472958333333,442.68
08.07.2014,523.33,1104.61,189.5,230.15,247.1,198.11,5010.6,3283.38,0.0,215.047056875,220.23871153846153,0.0,260.92747916666667,200.09813708333334,445.32
09.07.2014,521.97,1100.81,188.9,230.38,247.09,197.94,5007.6,3281.42,0.0,215.13584104166668,220.09909,0.0,260.91948875,199.50592270833334,443.92
10.07.2014,490.49,1109.35,191.88,233.28,212.89,191.9,4893.56,3206.69,0.0,215.165233125,219.89941,0.0,260.69118375,199.58318645833333,450.92
11.07.2014,491.71,1106.42,192.49,232.53,253.18,227.05,5823.76,3816.24,0.0,215.18770520833334,220.5614,0.0,260.5464177083333,199.9397775,452.35
12.07.2014,488.44,1120.08,188.82,231.65,203.87,186.33,4630.88,3034.57,0.0,215.46357625,219.43013,0.0,260.2465172916667,198.72344541666666,443.73
13.07.2014,481.59,1109.35,188.11,229.51,199.79,183.43,4585.41,3004.77,0.0,215.75903729166666,218.92892,0.0,259.99799479166666,198.554866875,442.05
14.07.2014,492.02,1091.38,185.57,226.01,215.32,190.36,4771.96,3127.01,0.0,215.97684375,218.73827958333334,0.0,259.8528220833333,198.58113708333335,436.1
15.07.2014,476.08,1117.68,189.03,233.07,246.8,191.5,4775.01,3129.02,0.0,215.05076083333333,217.942891875,0.0,259.940468125,197.7675025,444.23
16.07.2014,466.34,1110.34,187.73,231.68,243.78,191.84,4781.87,3133.49,0.0,214.82744666666667,217.78210145833333,0.0,259.85519416666665,197.54515104166666,441.15
17.07.2014,463.64,1102.21,187.62,231.08,241.88,190.05,4769.29,3125.26,0.0,214.76105791666666,217.98861166666666,0.0,259.91405354166665,197.340828125,440.9
18.07.2014,459.37,1095.2,186.27,229.48,240.96,189.87,4760.99,3119.81,0.0,214.92327895833333,218.00561895833334,0.0,260.02441854166665,197.07712666666666,437.73
19.07.2014,458.09,1094.58,185.94,229.08,240.67,190.06,4759.92,3119.11,0.0,215.03451333333334,217.96301833333334,0.0,260.23430979166665,196.73597604166667,436.95
20.07.2014,290.87,1063.56,191.61,155.38,139.31,168.36,4471.78,2477.87,0.0,216.04491832856903,220.0837669159078,0.0,263.8701024500787,196.72164680242818,380.77
21.07.2014,487.33,1047.69,191.45,133.54,255.69,181.69,4894.81,2957.42,0.0,215.11191583333334,220.59840375,0.0,260.728026875,202.39257740915488,414.84
22.07.2014,468.63,1047.04,189.9,224.19,242.24,178.89,4783.26,3134.42,0.0,215.06211645833332,220.55791145833334,0.0,260.5175610416667,200.38262291666666,446.27
23.07.2014,465.25,1037.74,188.17,221.77,239.87,271.57,4727.22,3097.7,0.0,215.20504229166667,220.28415958333332,0.0,260.53563,200.248874375,442.19
24.07.2014,466.58,1051.17,190.51,223.21,232.45,265.81,4624.71,3030.52,0.0,215.37842395833334,220.17741,0.0,260.60836333333333,200.02662833333332,447.69
25.07.2014,464.22,1056.31,189.06,225.33,233.39,269.56,4631.53,3035.0,0.0,215.5264675,220.11870041666666,0.0,260.70623770833333,200.15419708333334,444.29
26.07.2014,458.9,1044.72,186.07,223.58,251.5,290.62,4968.99,3287.65,0.0,215.61353270833334,220.51528375,0.0,261.1920479166667,199.917485625,441.5
27.07.2014,460.83,1052.32,189.06,225.86,260.12,301.5,5199.99,3407.49,0.0,215.84410458333332,220.218445,0.0,261.49020520833335,200.02022125,444.28
28.07.2014,457.95,1047.4,187.63,225.28,245.26,284.73,5310.15,3516.02,0.0,216.08671333333334,220.24689666666666,0.0,261.5179870833333,200.28064,440.93
29.07.2014,481.51,1040.16,186.18,224.12,258.75,283.71,5287.0,3500.69,0.0,215.96572375,220.262546875,0.0,261.51988625,199.93073333333334,437.53
30.07.2014,489.43,997.38,153.93,214.87,243.17,251.53,4041.45,3097.22,0.0,214.62624645833333,220.28224895833333,0.0,261.00065729166664,199.61057354166667,418.68
31.07.2014,375.93,1255.25,181.66,196.37,218.34,291.18,5264.31,3554.51,0.0,215.092216875,220.06439270833334,0.0,260.7969077083333,199.36037354166666,355.48
01.08.2014,378.38,1268.08,183.95,195.54,218.27,292.16,5294.42,3552.23,0.0,215.02680083333334,220.02809166666665,0.0,260.844675625,199.93566145833333,357.69
02.08.2014,379.41,1267.54,184.75,195.23,217.93,290.79,5294.72,3552.42,0.0,215.15461583333334,220.04121458333333,0.0,260.863484375,200.32771833333334,359.24
03.08.2014,377.42,1261.33,183.88,194.31,212.92,284.21,5175.95,3472.74,0.0,215.1299525,220.07486958333334,0.0,260.6586675,200.46372291666665,357.55
04.08.2014,417.98,1280.23,186.96,197.66,228.26,279.24,5094.16,3417.87,0.0,212.89510270833333,219.99779479166668,0.0,260.6441922916667,200.297079375,363.53
05.08.2014,507.75,1236.61,180.42,190.7,262.22,278.2,5070.69,3402.11,0.0,210.16669395833333,220.15640375,0.0,260.6921635416667,200.132093125,350.83
06.08.2014,469.73,1242.96,180.22,198.4,252.81,278.97,5053.07,3390.29,0.0,209.822861875,219.84196458333332,0.0,260.7513191666667,199.93306791666666,350.44
07.08.2014,521.26,1182.78,174.56,187.32,293.66,277.87,5122.89,3385.63,0.0,210.09380645833335,220.37812638297873,0.0,260.75742085106384,200.08923914893617,334.33
08.08.2014,518.32,1179.46,173.47,186.52,297.2,282.02,5181.66,3424.48,0.0,210.18405208333334,219.92107382978725,0.0,260.7852085106383,200.03803914893618,332.25
09.08.2014,493.37,1175.77,170.15,187.39,289.96,288.16,5209.33,3495.13,0.0,210.54521979166665,220.07690520833333,0.0,260.8491941666667,199.95084625,330.84
10.08.2014,509.21,1163.78,170.25,184.07,303.18,288.95,5280.51,3489.8,0.0,210.63094708333333,220.1933870212766,0.0,260.92618,200.37410212765957,326.08
11.08.2014,351.8,1205.65,175.91,191.07,240.5,290.0,5285.87,3493.33,0.0,213.44830479166666,219.9237410638298,0.0,261.0702414893617,200.20502936170212,336.92
12.08.2014,287.03,1214.29,175.23,194.74,240.33,291.48,5254.65,3525.54,0.0,215.50558666666666,220.231110625,0.0,260.95168020833336,199.84514666666666,340.72
13.08.2014,278.58,1222.62,174.51,194.89,235.04,295.74,5273.22,3538.01,0.0,215.89499104166666,219.93947083333333,0.0,260.90675833333336,199.44907020833332,339.33
14.08.2014,297.19,1229.06,175.42,192.77,248.98,295.21,5263.62,3531.55,0.0,215.85510708333334,220.31887125,0.0,260.92875833333335,199.74755333333334,341.09
15.08.2014,297.33,1235.28,175.96,191.43,247.88,295.24,5253.82,3524.99,0.0,215.776775,219.974116875,0.0,260.8005620833333,199.46245854166668,342.15
16.08.2014,296.2,1229.35,175.16,190.63,246.54,293.36,5221.69,3503.42,0.0,216.00179125,219.86203229166668,0.0,260.76211041666664,199.27186416666666,340.59
17.08.2014,296.12,1231.86,175.23,190.59,247.16,294.78,5238.07,3514.42,0.0,216.01608520833332,220.02340354166665,0.0,260.7544252083333,199.59601416666666,340.72
18.08.2014,293.35,1227.95,174.03,189.16,246.91,296.32,5246.33,3519.96,0.0,216.08165916666667,220.08200979166668,0.0,260.70241145833336,200.52765791666667,338.4
19.08.2014,0.0,79.31,10.2,22.97,0.0,23.83,382.81,55.7,0.0,217.06524887895046,228.85008786422566,0.0,265.7172345828032,201.57960641509433,4.3
20.08.2014,0.0,0.0,0.0,0.0,0.0,0.0,0.0,0.0,0.0,242.94359,302.85462,0.0,302.09838,252.2852,0.0
21.08.2014,0.0,0.0,0.0,0.0,0.0,0.0,0.0,0.0,0.0,234.10675,299.65543,0.0,302.46432,248.31793,0.0
22.08.2014,0.0,0.0,0.0,0.0,0.0,0.0,0.0,0.0,0.0,234.10675,299.65543,0.0,302.46432,248.31793,0.0
23.08.2014,0.0,0.0,0.0,0.0,0.0,0.0,0.0,0.0,0.0,234.10675,299.65543,0.0,302.46432,248.31793,0.0
24.08.2014,0.0,0.0,0.0,0.0,0.0,0.0,0.0,0.0,0.0,234.10675,299.65543,0.0,302.46432,248.31793,0.0
25.08.2014,0.0,740.85,108.65,0.0,0.0,233.89,4285.07,2117.23,0.0,266.28557,256.2478840261668,0.0,267.62129447513814,270.22833,155.58
26.08.2014,0.0,583.1,187.4,0.0,0.0,123.25,4948.24,3031.48,0.0,268.53292,255.5728675,0.0,260.40987020833336,272.54565,332.73
27.08.2014,0.0,521.8,184.6,0.0,0.0,104.1,4600.85,3080.71,0.0,271.09579,259.9949475,0.0,260.280578125,274.56435,358.23
28.08.2014,0.0,589.54,190.17,0.0,0.0,113.1,4557.65,2400.19,0.0,266.15103,251.5458239423258,0.0,164.07405290817022,269.10519,290.24
29.08.2014,0.0,516.94,193.79,0.0,0.0,99.26,4648.42,3095.61,0.0,276.53772,261.58971541666665,0.0,177.67372041666667,279.05663,374.02
30.08.2014,0.0,481.7,189.57,0.0,0.0,93.42,4592.98,3081.58,0.0,279.00427,265.072283125,0.0,260.125598125,281.81199,368.61
31.08.2014,0.0,469.7,194.05,0.0,0.0,92.97,4798.4,3219.42,0.0,281.00846,265.78688020833334,0.0,259.81422541666666,283.54296,377.32
01.09.2014,0.0,488.42,190.07,0.0,0.0,105.92,5149.09,3454.72,0.0,282.91641,265.812269375,0.0,259.7280877083333,285.1619,369.58
02.09.2014,0.0,610.72,210.77,29.63,0.0,116.99,5043.82,3462.16,0.0,284.44077056890325,259.0825589583333,0.0,259.91553270833333,257.0404340617315,419.29
03.09.2014,103.77,1123.32,188.01,228.09,74.34,230.71,4823.81,2706.89,0.0,248.0242617393423,227.28934412745477,0.0,263.5281091331035,215.90818243512888,305.75
04.09.2014,290.3,1319.35,175.62,212.27,537.45,308.51,5130.02,3299.04,0.0,237.28709895833333,220.12360145833333,0.0,260.82510145833334,203.55078416666666,327.3
05.09.2014,427.63,1258.26,172.51,211.34,343.53,289.78,4963.18,3329.98,0.0,223.51004,220.24109729166668,0.0,260.55883875,201.34582354166668,335.43
06.09.2014,422.69,1245.86,174.27,204.1,341.93,288.94,5049.0,3336.8,0.0,225.25121020833333,219.88414723404256,0.0,260.56375404255317,200.68434382978722,333.78
07.09.2014,412.14,1240.68,171.51,204.01,336.66,290.55,5017.63,3366.52,0.0,225.93842604166667,219.4758325,0.0,260.46847229166667,199.56050104166667,333.5
08.09.2014,410.96,1236.58,171.29,197.29,336.99,290.71,5030.46,3375.11,0.0,224.92908854166666,219.52300085106384,0.0,260.32825425531917,200.0355325531915,333.06
09.09.2014,409.11,1229.27,170.51,201.45,333.87,287.61,4983.67,3343.73,0.0,224.67618208333334,219.30643333333333,0.0,260.2589389583333,199.62742708333334,331.54
10.09.2014,389.68,1220.28,170.94,197.29,315.24,283.01,4952.8,3323.01,0.0,224.65433291666668,219.56513479166668,0.0,260.23591375,199.97324854166666,332.39
11.09.2014,380.29,1195.64,167.99,190.35,327.07,294.81,5174.61,3471.84,0.0,225.9611525,219.76365458333333,0.0,260.26498729166667,200.57874270833332,326.65
12.09.2014,391.22,1222.65,173.84,196.46,324.73,290.95,5167.9,3467.35,0.0,225.60941645833333,220.21344458333334,0.0,260.32238020833336,199.95059625,338.03
13.09.2014,391.65,1223.26,173.19,193.51,328.6,294.25,5204.35,3491.79,0.0,225.299678125,219.66935020833333,0.0,260.386204375,200.47641020833333,336.76
14.09.2014,384.47,1201.18,170.7,188.87,322.53,288.89,5128.54,3440.92,0.0,225.14861,219.64433583333334,0.0,260.46791479166666,200.287664375,331.91
15.09.2014,342.35,1227.24,174.56,191.73,291.45,287.69,5111.79,3429.7,0.0,224.942829375,219.55303916666668,0.0,260.5295639583333,200.27584854166668,339.41
16.09.2014,338.88,1216.49,172.69,187.78,291.36,288.0,5107.41,3426.75,0.0,224.80511,219.57652208333334,0.0,260.7201816666667,201.51263708333335,335.78
17.09.2014,344.5,1203.66,174.0,185.33,297.38,286.11,5166.83,3414.67,0.0,224.62491770833333,220.08004531914892,0.0,260.68065574468085,199.93082042553192,333.27
18.09.2014,333.55,1200.48,173.91,196.95,304.7,328.74,5249.76,3469.47,0.0,224.54902,220.15616297872342,0.0,260.75309617021276,199.67616446808512,333.09
19.09.2014,329.6,1189.08,172.94,195.59,302.29,326.9,5241.17,3463.8,0.0,224.5589059574468,220.30948489361703,0.0,260.85240765957445,200.38702638297872,331.24
20.09.2014,358.2,1186.37,177.56,200.91,320.36,318.06,5247.55,3468.02,0.0,221.86346729166667,220.49254127659574,0.0,260.92052127659576,199.5751780851064,340.08
21.09.2014,377.72,1188.93,174.02,196.86,332.75,326.83,5273.25,3485.0,0.0,219.55453791666667,220.5733865957447,0.0,261.042585106383,200.01211978723404,333.29
22.09.2014,356.65,1193.53,173.94,196.96,331.96,333.01,5349.97,3535.71,0.0,219.88835659574468,220.41008106382978,0.0,261.11851723404254,199.66869574468086,333.16
23.09.2014,354.31,1187.64,174.28,198.19,327.97,329.53,5330.73,3576.59,0.0,219.71536958333334,220.21852541666667,0.0,261.180356875,199.97743729166666,338.89
24.09.2014,338.53,1187.34,173.7,197.56,318.34,334.7,5397.37,3621.29,0.0,219.83302125,220.1489425,0.0,261.190729375,200.12974770833333,337.74
25.09.2014,324.9,1187.17,174.24,197.98,323.5,333.65,5398.05,3621.75,0.0,220.00881416666667,220.18095666666667,0.0,261.200031875,199.741019375,338.79
26.09.2014,324.95,1184.83,174.24,197.89,321.98,331.38,5372.07,3604.31,0.0,219.96705833333334,220.17520166666668,0.0,261.2136345833333,199.59966375,338.8
27.09.2014,322.07,1168.83,172.71,195.97,322.83,330.69,5386.61,3614.08,0.0,219.89681291666668,220.47033354166666,0.0,261.263816875,199.52706666666666,335.82
28.09.2014,308.31,1164.44,172.14,195.23,307.78,328.12,5346.96,3587.47,0.0,220.042380738119,220.70409125,0.0,261.28620729166664,199.513751875,334.71
29.09.2014,0.0,39.68,9.02,11.4,0.0,12.74,319.02,66.17,0.0,243.07384,230.42917833533306,0.0,269.5704997379066,201.76669495003068,5.42
30.09.2014,0.0,680.46,137.42,113.56,0.0,191.27,4258.36,1686.73,0.0,241.91947399104407,248.8770072560404,0.0,267.46997473561356,215.24200567751822,157.75
01.10.2014,55.2,1129.14,166.2,190.34,142.03,330.99,5370.59,3603.32,6.49,226.03247879835865,219.698544375,0.0,261.34031541666667,200.02641604166666,323.17
02.10.2014,199.07,1196.43,175.55,195.31,308.22,328.27,5309.76,3562.52,6.23,211.872953125,219.55780916666666,0.0,261.67950916666666,200.27339541666666,341.36
03.10.2014,275.22,1092.77,160.1,178.28,454.65,319.9,5166.48,3466.39,6.07,221.13489208333334,219.8385375,0.0,262.31680208333336,201.69213125,311.3
04.10.2014,287.64,1143.0,167.59,191.59,459.8,323.79,5233.29,3511.2,6.31,219.880265,219.67056416666668,0.0,261.48274833333335,199.84485229166665,325.86
05.10.2014,323.18,1133.6,165.77,188.43,352.61,328.79,5299.92,3555.91,6.36,219.47436208333335,219.48204520833335,0.0,261.664380625,200.44157125,322.32
06.10.2014,315.32,1124.63,164.91,187.38,344.36,326.48,5277.47,3540.85,6.33,220.90165854166668,219.40349708333332,0.0,261.72260416666666,200.35359541666668,320.67
07.10.2014,322.31,1136.26,166.42,189.53,335.27,314.2,5072.84,3403.56,6.1,220.65349854166666,219.219529375,0.0,261.42655145833334,199.93715604166667,323.6
08.10.2014,320.34,1117.8,163.67,184.91,345.3,320.29,5169.64,3492.76,6.16,220.66882520833335,219.65371770833335,0.0,261.5319955319149,201.34219583333334,320.46
09.10.2014,325.92,1103.71,177.41,190.7,343.83,347.79,5160.04,3485.83,6.22,220.46748604166666,219.81243479166667,0.0,261.3621275,200.193053125,326.8
10.10.2014,329.2,1082.55,179.64,192.62,327.28,321.47,4923.91,3326.32,5.92,220.17773166666666,220.34173063829786,0.0,261.26367166666665,199.97521,330.91
11.10.2014,325.01,1096.68,177.49,190.47,326.37,328.96,4914.16,3319.74,5.92,220.15625645833333,219.92222416666667,0.0,261.34857895833335,199.81986875,326.95
12.10.2014,323.37,1089.01,176.78,189.35,325.88,327.82,4911.84,3318.18,5.9,220.145434375,220.18660458333332,0.0,261.39129354166664,200.53249604166666,325.64
13.10.2014,320.68,1084.69,175.48,188.14,335.92,339.4,5068.16,3423.77,6.1,220.325186875,220.076125,0.0,261.26625875,199.64303333333334,323.25
14.10.2014,320.41,1086.55,175.31,188.31,337.83,342.2,5096.35,3442.81,6.14,220.43913479166667,219.68566666666666,0.0,261.32630770833333,199.56619458333333,322.94
15.10.2014,322.67,1087.94,175.49,188.35,335.65,338.04,5033.17,3400.14,6.06,220.219323125,219.70293958333335,0.0,261.417511875,199.7634375,323.28
16.10.2014,322.4,1089.13,174.39,187.05,331.77,334.78,4947.79,3342.45,5.95,220.01191833333334,219.62792125,0.0,261.388946875,200.25474604166666,321.24
17.10.2014,321.25,1089.63,173.81,186.89,330.51,334.86,4930.24,3330.6,5.95,220.21267729166667,219.613675,0.0,261.4063625,199.619419375,320.17
18.10.2014,321.22,1080.18,174.6,187.21,328.68,330.14,4925.68,3327.51,5.92,220.225365625,219.99370833333333,0.0,261.423350625,199.80904229166666,321.63
19.10.2014,323.37,1070.84,175.34,187.62,328.82,325.25,4916.06,3321.01,5.9,220.22303854166665,220.38548354166667,0.0,261.44503291666666,200.35446645833332,323.0
20.10.2014,326.54,1058.72,173.65,185.91,334.76,324.21,4908.41,3315.85,5.89,220.72144604166667,220.36032083333333,0.0,261.45486854166666,200.00305104166668,319.88
21.10.2014,316.21,1084.5,177.17,190.31,329.9,324.71,4896.4,3307.73,5.9,220.41199520833334,219.863266875,0.0,261.47391208333335,199.36906854166668,326.36
22.10.2014,314.23,1072.14,176.38,188.87,335.34,347.15,4986.33,3368.49,5.99,220.62353770833334,219.94125875,0.0,261.49282375,199.765085625,324.91
23.10.2014,313.92,1064.29,176.37,188.29,329.6,339.04,4905.36,3313.79,5.87,220.617973125,220.32840541666667,0.0,261.5358522916667,200.27575166666668,324.89
24.10.2014,314.24,1054.46,176.78,174.21,332.0,338.01,4947.71,3342.4,5.47,220.74459979166667,220.79619583333334,0.0,261.566591875,201.05661652173913,325.66
25.10.2014,317.47,1068.23,178.54,117.56,333.76,340.73,4972.32,3359.03,3.67,220.862453125,220.41519916666667,0.0,261.571558125,201.44286374427523,328.9
26.10.2014,333.14,1110.58,187.27,161.42,336.05,339.89,5004.0,3380.43,4.84,220.9579696,220.5787304,0.0,261.6027546,206.66610803012748,344.97
27.10.2014,318.2,1065.09,178.98,190.36,332.65,337.83,4956.58,3348.38,5.91,219.96368895833334,220.45934229166667,0.0,261.92685375,200.43946354166667,329.71
28.10.2014,315.14,1063.62,178.74,190.9,325.35,333.17,4888.46,3302.37,5.86,219.961045625,220.498075625,0.0,262.40900229166664,200.11307729166666,329.27
29.10.2014,304.36,1030.57,159.75,182.9,320.2,328.95,4452.03,3249.99,5.72,220.717868125,220.31813791666667,0.0,262.0713583333333,199.64183458333332,318.0
30.10.2014,318.25,1071.73,177.39,190.57,330.73,337.92,4883.35,3303.55,5.88,221.11960354166666,219.86036041666668,0.0,261.290586875,199.83191229166667,327.23
31.10.2014,322.58,1073.25,178.64,189.19,329.75,332.87,4837.34,3196.52,5.75,219.49491854166666,220.0451355319149,0.0,261.22207170212766,199.7516244680851,321.89
01.11.2014,316.54,1054.42,177.31,189.29,323.66,327.12,4802.78,3244.49,5.75,219.78469291666667,220.61993541666666,0.0,261.20466666666664,199.97354145833333,326.63
02.11.2014,321.29,1042.65,180.04,190.03,329.74,324.66,4894.83,3234.51,5.8,220.06557541666666,220.36666638297874,0.0,261.202799787234,199.46070382978724,324.42
03.11.2014,295.17,1026.75,190.44,195.52,328.45,355.98,4757.51,3400.27,5.97,220.343435,220.02678255319148,0.0,261.2352468085106,199.78086680851064,340.8
04.11.2014,290.68,1033.12,187.73,193.73,304.68,365.55,4786.16,3420.74,6.03,220.48659291666667,220.13563979166668,0.0,261.27200125,199.983120625,335.94
05.11.2014,288.26,1022.89,185.04,191.12,306.52,367.18,4785.83,3420.5,6.04,221.7877875,219.92025083333334,0.0,261.29215708333334,199.62577791666666,331.12
06.11.2014,292.13,1026.32,185.14,191.37,310.29,368.0,4783.05,3418.52,6.04,221.68578833333333,219.76838979166666,0.0,261.3210927083333,200.00916770833334,331.3
07.11.2014,293.13,1047.36,189.55,195.85,303.39,365.94,4771.91,3410.55,6.02,220.0106675,219.846015,0.0,261.12686145833334,200.09149979166668,339.2
08.11.2014,292.29,1039.83,189.18,195.26,321.66,386.3,5063.75,3619.14,6.39,219.9932525,220.07404520833333,0.0,259.119321875,199.88908729166667,338.53
09.11.2014,289.93,1037.21,187.68,193.72,325.6,393.21,5126.75,3664.15,6.46,220.47929020833334,220.001859,0.0,258.69358604166666,199.65845125,335.86
10.11.2014,283.28,990.65,179.26,184.92,324.04,382.54,4987.55,3879.21,6.29,222.46633104166668,219.8930514893617,0.0,258.91392340425534,199.74333085106383,349.09
11.11.2014,294.55,1019.84,186.41,192.29,331.5,387.45,5102.76,3968.82,6.43,219.97932229166668,219.89976729166668,0.0,258.751623125,200.21949375,363.01
12.11.2014,295.28,1019.63,187.16,192.99,317.91,370.58,4901.06,3811.93,6.17,219.18383979166666,219.968389375,0.0,258.81819291666665,200.47465895833332,364.46
13.11.2014,290.93,1001.28,184.54,190.12,311.88,362.34,4811.7,3742.45,6.06,220.275471875,220.02602020833334,0.0,258.98688541666667,200.46857645833333,359.37
14.11.2014,290.46,995.77,184.34,189.7,311.76,360.8,4812.36,3742.95,10.3,220.87930020833332,220.05516708333334,0.0,258.938121875,200.41216125,358.97
15.11.2014,293.48,1004.24,186.2,191.69,310.73,358.93,4794.98,3729.43,10.26,220.069,219.943949375,0.0,258.96281833333336,200.25601520833334,362.59
16.11.2014,292.77,993.88,183.7,189.15,319.06,365.62,4869.33,3787.26,10.42,221.1359375,219.74981541666668,0.0,258.949235,199.647881875,357.73
17.11.2014,293.11,980.83,181.31,186.7,330.08,372.87,4966.4,3862.75,10.63,222.14570520833334,219.60307791666668,0.0,258.7773202083333,199.33352604166666,353.08
18.11.2014,289.07,1005.51,186.42,191.68,313.15,367.71,4912.12,3820.54,10.5,220.41177291666668,219.547514375,0.0,258.5111972916667,200.19588229166666,363.03
19.11.2014,281.74,978.26,181.77,186.82,305.81,358.45,4799.02,3732.56,10.25,221.50414625,219.38077666666666,0.0,260.2678702083333,200.63648875,353.98
20.11.2014,285.32,989.16,184.03,189.11,302.5,354.02,4745.71,3691.12,10.14,219.99979645833332,219.04973625,0.0,260.30487895833335,200.4221875,358.38
21.11.2014,283.6,981.25,183.0,187.96,300.66,351.17,4718.72,3670.12,10.08,220.1007775,218.834983125,0.0,259.3163020833333,200.37273645833332,356.36
22.11.2014,283.17,980.88,182.72,187.72,300.48,351.37,4716.01,3668.0,10.07,219.91921979166668,218.54943229166668,0.0,259.36487208333335,200.24440375,355.82
23.11.2014,272.89,944.45,176.44,181.04,299.46,349.86,4709.5,3662.96,10.05,221.05652125,218.52122270833334,0.0,259.212806875,199.82128395833334,343.6
24.11.2014,0.0,981.97,50.87,188.01,0.0,368.76,1376.43,3859.6,6.21,229.9495380934897,219.45895770833334,0.0,260.32132375,200.58976604166668,357.14
25.11.2014,0.0,861.08,0.0,150.52,0.0,292.87,0.0,3331.48,4.51,244.4056,223.27143458333333,0.0,260.959165,200.74649812865496,340.37
26.11.2014,0.0,300.43,0.0,0.0,0.0,111.22,0.0,3253.47,0.0,246.39298,263.133765,0.0,261.055838125,242.84731,305.37
27.11.2014,0.0,315.64,0.0,0.0,0.0,111.14,0.0,3256.73,0.0,252.37275,266.03109458333336,0.0,261.8989089583333,253.13721,321.38
28.11.2014,0.0,517.82,58.69,0.0,0.0,102.38,836.01,2280.2,0.0,264.57796,267.0794770724637,0.0,266.17606452459,257.43999,400.77
29.11.2014,0.0,271.57,146.09,0.0,0.0,21.37,828.47,762.02,0.0,268.78855,276.4757653495129,0.0,273.240954667497,260.90213,336.44
30.11.2014,1.26,146.81,0.0,0.0,1.23,48.19,0.0,3038.4,0.0,247.3583,278.33303614918253,0.0,266.42674521410214,263.96214,321.67
01.12.2014,120.29,130.07,0.0,0.0,183.44,66.95,0.0,2938.33,0.0,255.41031,279.2429025072378,0.0,263.7234060416667,266.75066,198.35
02.12.2014,0.0,207.03,0.0,0.0,0.0,90.63,0.0,3187.59,0.0,261.05343,281.35394145833334,0.0,262.0482275,269.32704,253.04
03.12.2014,0.0,193.28,0.0,0.0,0.0,81.5,0.0,3188.74,0.0,262.68397,282.75877,0.0,261.98364145833335,271.72079,262.77
04.12.2014,0.0,379.68,0.0,0.0,0.0,137.2,0.0,2937.05,0.0,264.24931,274.9198164704148,0.0,267.56399854048266,273.94754,282.43
05.12.2014,0.0,421.41,0.0,0.0,0.0,96.92,0.0,3202.93,0.0,257.4456285714286,282.36018625,0.0,265.18955229166664,276.0545,483.94
06.12.2014,0.0,266.7,0.0,0.0,0.0,89.38,0.0,3270.06,0.0,269.99783,276.66858479166666,0.0,261.7003016666667,278.04282,339.06
07.12.2014,0.0,222.63,0.0,0.0,0.0,79.77,0.0,3196.87,0.0,275.95198,282.3515679166667,0.0,261.79020291666666,279.90957,310.03
08.12.2014,0.0,202.47,0.0,0.0,0.0,76.24,0.0,3200.63,0.0,278.6874,285.5362170833333,0.0,261.7811483333333,281.67688,295.37
09.12.2014,0.0,208.3,0.0,0.0,0.0,76.94,0.0,3219.62,0.0,281.00754,284.81518270833334,0.0,261.7364145833333,283.35158,302.9
10.12.2014,0.0,290.89,0.0,0.0,0.0,104.27,0.0,3237.35,0.0,283.09741,279.1001341666667,0.0,261.69342020833335,284.93922,313.84
11.12.2014,0.0,192.29,0.0,0.0,0.0,75.87,0.0,3198.84,0.0,285.06087,289.73784895833336,0.0,261.67892166666667,286.4503,281.74
12.12.2014,0.0,233.23,0.0,0.0,0.0,71.16,0.0,2910.74,0.0,286.89573,284.81919382978725,0.0,261.5099817021277,287.8721,331.51
13.12.2014,0.0,191.55,0.0,0.0,0.0,67.46,0.0,2816.12,0.0,288.623,289.48179765957445,0.0,261.51252212765957,289.23264,277.88
14.12.2014,0.0,300.44,0.0,0.0,0.0,104.24,0.0,3276.46,0.0,290.25366,279.96704914893616,0.0,261.469610212766,290.53075,328.13
15.12.2014,0.0,272.5,0.0,0.0,0.0,103.98,0.0,3368.41,0.0,291.84803,284.2670480851064,0.0,261.46826234042555,291.7758,306.76
16.12.2014,0.0,285.71,0.0,0.0,0.0,102.17,0.0,3340.56,0.0,293.31192,282.1442720833333,0.0,261.4884689583333,292.9918,324.63
17.12.2014,0.0,295.77,0.0,0.0,0.0,102.11,0.0,3318.03,0.0,294.70885,281.61847083333333,0.0,261.52487791666664,294.1419,333.97
18.12.2014,0.0,358.41,0.0,0.0,0.0,131.92,0.0,2952.45,0.0,296.06681,275.24195544429216,0.0,264.6480397817389,295.24091,278.73
19.12.2014,0.0,362.87,0.0,0.0,0.0,138.89,0.0,3071.21,0.0,297.33761,278.8931400899871,0.0,264.4408666531455,296.2914,278.82
20.12.2014,0.0,317.56,0.0,0.0,0.0,111.74,0.0,3334.15,0.0,298.52232,280.9949774468085,0.0,261.6223710638298,297.28404,329.27
21.12.2014,0.0,284.18,0.0,0.0,0.0,102.43,0.0,3315.76,0.0,299.66776,284.0002558333333,0.0,261.66909145833336,298.24608,319.65
22.12.2014,0.0,273.16,0.0,0.0,0.0,102.59,0.0,3300.42,0.0,300.78909,286.2539434042553,0.0,261.7279614893617,299.13119,305.35
23.12.2014,0.0,275.81,0.0,0.0,0.0,101.59,0.0,3314.53,0.0,301.89734,286.13736895833335,0.0,261.72787708333334,300.00119,312.7
24.12.2014,0.0,277.21,0.0,0.0,0.0,102.51,0.0,3326.06,0.0,302.90937,286.1611041666667,0.0,261.7592154166667,300.82987,312.55
25.12.2014,0.0,284.56,0.0,0.0,0.0,103.76,0.0,3342.88,0.0,303.88903,286.01514729166666,0.0,261.7915302083333,301.63546,318.56
26.12.2014,0.0,291.27,0.0,0.0,0.0,103.21,0.0,3331.61,0.0,304.8781,286.39879875,0.0,261.8435997916667,302.41418,326.73
27.12.2014,0.0,284.48,0.0,0.0,0.0,106.41,0.0,3380.34,0.0,305.8133,285.71393958333334,0.0,261.91414833333334,303.1688,314.02
28.12.2014,0.0,280.53,0.0,0.0,0.0,104.36,0.0,3423.04,0.0,306.69742,286.952415625,0.0,262.02007375,303.9,319.75
29.12.2014,0.0,330.5,0.0,0.0,0.0,130.37,0.0,3322.86,0.0,307.49287,285.57012787025195,0.0,265.0454783085106,304.61012,292.71
30.12.2014,0.0,293.75,0.0,0.0,0.0,96.32,0.0,3548.79,0.0,308.20234,284.381273125,0.0,262.76601458333334,305.28894,376.06
31.12.2014,0.0,339.68,0.0,0.0,0.0,116.16,0.0,3482.51,0.0,309.33214,282.2335547916667,0.0,262.467956875,305.91604,353.86
01.01.2015,94.01,571.41,14.94,29.34,65.19,133.75,251.95,3288.66,0.6,298.43558686698935,275.363590625,0.0,262.29179270833333,265.15031938005393,488.21
02.01.2015,790.87,711.15,782.75,159.18,299.67,312.23,226.18,3365.41,5.04,292.150093125,261.896169375,0.0,261.9329804166667,267.8295116666667,324.9
03.01.2015,916.81,834.36,871.14,207.72,345.31,346.32,237.97,3367.16,6.22,279.98879791666667,253.32510166666665,0.0,262.42792625,242.90214229166668,343.85
04.01.2015,788.73,816.68,855.13,206.42,400.83,345.28,237.93,3367.25,6.3,271.29845458333335,247.29063916666667,0.0,262.334459375,238.77793708333334,337.58
05.01.2015,790.15,822.12,838.83,221.34,405.58,351.07,235.74,3339.13,6.82,265.07030979166666,244.85065319148936,0.0,262.6286214583333,230.99575791666666,331.43
06.01.2015,783.85,868.95,834.13,223.41,411.88,379.86,239.98,3346.23,7.05,258.82713041666665,241.73986166666666,0.0,262.443014375,221.12897645833334,324.45
07.01.2015,574.29,926.15,859.23,230.15,461.44,389.8,238.0,3315.57,6.99,254.71381,236.03038020833333,0.0,262.63018875,218.00537479166667,333.91
08.01.2015,626.39,1015.35,829.95,225.72,512.88,435.47,234.26,3262.31,6.99,251.04313458333334,226.74782479166666,0.0,262.83769854166667,214.06255541666667,322.41
09.01.2015,355.75,824.03,532.53,183.0,282.81,421.12,179.11,2284.57,6.75,247.7236247272576,227.23224334569596,0.0,267.4624935138889,212.48793217762724,189.48
10.01.2015,422.91,945.62,786.25,196.73,311.75,448.13,245.21,2582.68,6.73,244.41230114912133,228.59414827365217,0.0,268.0636775662651,218.40076488163098,231.0
11.01.2015,486.97,1167.01,1069.61,236.36,366.9,565.24,340.95,3227.89,8.26,243.64955916666668,221.374204375,0.0,264.86446770833334,202.74332583333333,282.48
12.01.2015,597.29,1089.48,859.51,221.17,418.66,490.91,254.88,3324.36,7.19,239.9133425,220.87128708333333,0.0,264.00589770833335,200.831925625,312.71
13.01.2015,610.33,1103.27,865.58,220.09,425.68,494.67,255.41,3337.39,7.12,234.20577833333334,219.93304125,0.0,263.73639333333335,201.29361041666667,315.5
14.01.2015,580.74,987.37,775.25,196.41,438.07,478.81,247.41,3227.44,6.87,230.07398625,219.51739479166667,0.0,263.9199341666667,201.79082229166667,282.1
15.01.2015,461.02,1070.17,827.2,209.59,329.92,492.33,457.43,3267.21,6.96,230.81113541666667,219.59878291666666,0.0,263.91248375,200.82235645833333,301.02
16.01.2015,453.09,1088.7,839.36,213.12,307.31,474.69,439.91,3139.86,6.71,229.08865708333335,219.49498129032258,0.0,263.86656958333333,199.86980458333332,305.23
17.01.2015,418.97,1026.57,776.66,197.91,292.68,461.02,419.25,2991.1,6.41,228.88321,219.8,0.0,263.8609,199.4586,282.31
18.01.2015,442.16,1083.4,819.66,208.87,292.77,461.16,419.38,2991.96,6.42,228.88321,219.8,0.0,263.8609,199.4586,297.94
19.01.2015,447.32,1004.72,829.23,211.31,295.52,426.7,423.32,3020.07,6.48,228.88321,219.8,0.0,263.8609,199.4586,301.42
20.01.2015,226.24,896.9,767.76,201.3,180.33,459.56,472.87,2601.26,7.44,224.07523773201112,221.9097149122173,0.0,268.3664886732591,201.94061086065048,215.18
21.01.2015,7.64,958.68,948.12,219.96,5.62,452.98,538.49,3328.0,7.5,226.79013510896414,219.05046319148937,0.0,263.14410127659573,199.9475070212766,298.54
22.01.2015,0.0,963.57,944.39,215.04,0.0,433.37,510.55,3335.21,6.98,234.75472,214.91298574468084,0.0,262.8784391666667,199.74660666666668,314.32
23.01.2015,0.0,981.8,924.64,210.97,0.0,501.1,493.6,3246.39,6.76,239.53218,212.68613104166667,0.0,262.869698125,199.90606,309.83
24.01.2015,0.0,1021.26,902.12,207.84,0.0,518.24,478.8,3210.5,6.62,243.039,209.91503574468086,0.0,262.7914517021277,199.78779489361702,308.19
25.01.2015,0.0,1006.31,890.65,203.89,0.0,517.48,479.03,3208.45,6.58,249.68386,209.9062914893617,0.0,262.70560191489363,200.75090382978723,303.93
26.01.2015,0.0,1006.49,886.77,188.7,0.0,514.79,474.38,2913.04,6.06,261.6484,209.7950655319149,0.0,263.71824444444445,199.95645314812754,277.44
27.01.2015,0.0,1049.98,943.93,87.82,0.0,678.03,637.54,1575.16,3.56,265.82333,209.9737625,0.0,266.667853810574,203.21245101910827,118.82
28.01.2015,0.0,946.4,927.74,179.1,0.0,463.72,475.45,3117.16,9.38,268.73116,209.82963583333333,0.0,263.12446020833335,200.18606541666668,309.9
29.01.2015,0.0,946.36,925.05,175.79,0.0,462.52,472.87,3099.82,9.18,258.50599480218995,210.03960729166667,0.0,263.261774375,199.9534575,308.96
30.01.2015,0.0,919.8,898.87,161.02,0.0,442.81,452.6,3120.11,8.28,260.2108223599321,210.17231541666666,0.0,263.2070772916667,200.13628145833334,277.58
31.01.2015,0.0,907.74,885.57,126.24,0.0,507.44,517.77,2223.5,7.54,263.14618,210.03960958333334,0.0,265.06054841645346,200.0890935443038,170.36
01.02.2015,0.0,937.48,913.75,105.73,0.0,521.92,532.07,2391.1,6.29,265.35065,209.86838520833334,0.0,264.84484163729985,203.72338228212155,183.95
02.02.2015,0.0,901.47,875.95,159.92,0.0,441.92,449.13,3093.28,8.38,267.76235,209.95946666666666,0.0,262.52670666666666,200.52173645833332,270.25
03.02.2015,0.0,898.3,873.07,110.62,0.0,752.04,764.48,2729.82,9.9,276.37804,210.075026875,0.0,262.9637539069056,200.29485595879555,139.66
04.02.2015,0.0,625.33,554.0,106.92,0.0,517.85,479.84,2064.14,9.46,282.14045,210.85715949446768,0.0,265.6054033407242,206.64158537095068,106.75
05.02.2015,0.0,228.78,89.29,204.42,0.0,89.03,36.34,3071.02,8.5,285.12379,216.3488188835451,0.0,261.7488,199.70946520833334,338.0
06.02.2015,0.0,702.96,1162.07,120.3,0.0,431.78,746.56,2964.45,7.9,286.91713,209.93857291666666,0.0,261.074970625,199.783608125,206.71
07.02.2015,0.0,792.97,810.62,144.76,0.0,421.9,451.09,3096.49,8.23,288.27838,209.73270916666667,0.0,261.62807125,199.94020541666666,249.26
08.02.2015,0.0,623.95,433.41,148.78,0.0,329.97,239.72,3156.67,8.41,289.51177,210.8449586777193,0.0,262.09430125,199.794549375,255.65
09.02.2015,125.26,744.19,381.15,169.15,471.47,344.91,184.76,3179.1,8.38,273.9249775178998,213.80620782244824,0.0,261.79407145833335,199.997456875,293.78
10.02.2015,402.41,865.75,812.31,146.07,663.83,468.96,524.67,3173.08,8.45,266.9449872916667,209.577366875,0.0,262.19870833333334,199.93093875,250.89
11.02.2015,474.1,895.84,708.94,178.9,557.04,459.74,604.37,3265.93,9.81,259.99126270833335,209.53654291666666,0.0,262.6230522916667,199.59592375,272.56
12.02.2015,466.03,940.2,697.18,174.98,550.25,530.08,597.27,3227.01,9.64,254.66364708333333,209.82421104166667,0.0,262.9943779166667,200.365133125,268.0
13.02.2015,423.36,962.2,710.02,180.31,534.75,535.44,600.36,3232.17,9.81,248.4935984827891,208.3727297234258,0.0,261.0517566155602,197.93995606443653,271.96
14.02.2015,421.26,965.2,706.05,177.07,544.04,549.17,610.41,3290.36,9.85,247.16131958333332,209.914684375,0.0,263.46445458333335,200.53980833333333,270.78
15.02.2015,419.02,969.44,704.3,179.11,538.95,549.34,606.41,3267.13,9.92,242.39248014733948,208.47461009544287,0.0,261.68287702319384,198.74633221715033,269.97
16.02.2015,419.54,976.99,702.34,178.04,468.27,520.7,568.78,3546.17,9.28,242.43809791666666,210.34781541666666,0.0,264.0838860416667,199.776593125,269.67
17.02.2015,409.69,994.39,683.84,173.71,474.07,549.44,574.13,3553.39,9.38,240.78363227272726,210.8968781395349,0.0,264.4002744186046,200.29836139534885,260.65
18.02.2015,519.64,1001.96,716.3,180.77,551.1,507.4,551.18,3434.84,8.95,237.65761625,210.59800833333333,0.0,264.5035677083333,199.87092479166665,274.9
19.02.2015,652.82,1030.53,724.37,182.89,618.78,525.97,561.76,3501.67,9.12,230.46039291666668,210.07500083333332,0.0,264.4216202083333,199.61970125,278.07
20.02.2015,638.16,1009.31,706.94,178.49,702.45,598.22,636.68,3971.37,10.34,226.44892166666668,210.48282479166667,0.0,264.50410958333333,200.23709395833333,271.56
21.02.2015,624.59,996.11,689.52,174.89,672.22,577.27,607.17,3797.58,9.91,223.74443791666667,210.28617333333332,0.0,264.16093020833335,199.71494145833333,265.58
22.02.2015,475.6,1047.18,717.38,179.23,544.64,572.63,596.07,3723.79,9.58,222.10759729166668,210.00667458333334,0.0,264.2387,201.21719395833333,276.0
23.02.2015,410.07,1038.28,716.15,181.56,479.46,534.82,560.52,3502.56,9.14,221.13743416666668,210.29156354166668,0.0,264.30741666666665,199.68580479166667,275.59
24.02.2015,625.9,1014.53,699.15,175.72,555.93,547.16,572.94,3587.67,9.26,219.292496875,210.565661875,0.0,264.6127670833333,200.401725625,269.61
25.02.2015,940.93,1022.01,705.72,176.82,770.81,551.0,578.13,3620.46,9.32,211.71587791666667,210.70294854166667,0.0,264.51843145833334,201.36522104166667,272.17
26.02.2015,738.49,1046.43,704.86,177.15,622.56,514.59,526.68,3298.67,8.52,208.73589875,210.947885625,0.0,264.48086708333335,200.89950354166666,271.87
27.02.2015,399.77,1056.64,709.02,157.19,424.37,557.52,694.76,3557.33,11.59,208.16032222777085,211.36033958333334,0.0,264.4507922916667,200.987796875,273.25
28.02.2015,0.0,1058.8,670.85,157.79,0.0,560.24,659.22,3547.21,11.67,214.94534,210.89418645833334,0.0,264.49672645833334,200.58960708333333,271.71
01.03.2015,0.0,1056.24,716.24,157.72,0.0,553.16,696.62,3512.7,11.55,220.50093,211.00776041666666,0.0,264.83899979166665,200.27410604166667,271.85
02.03.2015,0.0,1051.49,713.85,156.98,0.0,550.83,694.49,3495.2,11.5,225.38752,210.97443541666667,0.0,265.3493564583333,201.491815625,270.42
03.03.2015,0.0,1053.04,717.16,162.93,0.0,544.51,688.67,3458.92,11.78,230.0927,210.90466458333333,0.0,265.304694375,202.16891333333334,271.12
04.03.2015,0.0,1050.75,715.86,161.52,0.0,529.02,669.33,3514.27,11.37,225.52635,208.73041180605318,0.0,263.489528946472,198.52342287245884,282.91
05.03.2015,0.0,1077.56,718.68,158.88,0.0,561.72,695.77,3476.18,11.58,239.26119,209.430895,0.0,264.98606229166666,200.11101458333334,270.27
06.03.2015,0.0,1213.31,697.73,150.54,0.0,651.92,696.23,3472.88,11.31,243.17754,201.506525625,0.0,264.73131520833334,200.49527979166666,261.96
07.03.2015,0.0,1218.64,693.61,149.7,0.0,660.68,698.35,3475.14,11.34,247.13073,199.78024,0.0,264.80017625,200.17200875,259.79
08.03.2015,0.0,1210.61,691.71,149.76,0.0,657.26,697.43,3462.89,11.37,254.2578,200.50417787234042,0.0,264.841434893617,199.99050212765957,258.51
09.03.2015,0.0,1201.66,706.94,151.82,0.0,645.05,704.74,3489.09,11.39,264.9221,200.2184210638298,0.0,264.894539375,199.988668125,263.44
10.03.2015,0.0,1213.89,705.8,150.41,0.0,653.11,705.24,3474.29,11.31,269.46578,200.22638708333332,0.0,264.93250895833336,200.271385625,261.71
11.03.2015,0.0,1222.74,706.67,150.13,0.0,661.35,709.84,3486.14,11.35,272.23795,200.03485958333334,0.0,264.98174708333335,200.03872645833334,261.22
12.03.2015,0.0,1217.77,707.62,150.59,0.0,679.63,733.43,3589.14,11.75,275.01941,200.15150833333334,0.0,264.92574479166666,200.04914979166668,260.65
13.03.2015,0.0,1218.6,700.36,149.08,0.0,667.27,712.21,3475.69,11.41,277.66525,200.14077083333333,0.0,264.94250854166665,199.73146083333333,257.26
14.03.2015,0.0,1247.39,708.18,148.78,0.0,679.42,716.34,3477.86,11.33,280.23073,200.05842166666667,0.0,265.0015422916667,200.05597395833334,258.79
15.03.2015,0.0,1632.83,703.7,148.65,0.0,822.51,719.69,3485.97,11.44,282.77074,210.86002458333334,0.0,265.0656016666667,200.15813895833332,256.56
16.03.2015,0.0,2002.08,712.24,147.89,0.0,761.31,732.26,3540.45,11.44,284.84795,219.37971354166666,0.0,265.10370875,200.056375625,259.2
17.03.2015,0.0,2025.24,721.35,152.21,0.0,744.35,716.81,3461.46,11.38,286.79664,219.62829645833332,0.0,265.18112229166667,199.9336575,262.19
18.03.2015,91.76,2021.7,722.86,151.81,411.9,736.84,712.3,3454.06,11.26,269.11540343619225,219.455985,0.0,265.2800516666667,199.36756083333333,263.83
19.03.2015,216.14,2000.27,713.91,151.69,1040.42,729.42,703.86,3462.68,11.26,260.26414208333335,219.10964,0.0,265.2422354166667,199.69292645833335,264.35
20.03.2015,222.87,2035.82,733.31,155.47,1131.36,782.89,762.44,3749.96,12.17,252.94637354166667,219.36794854166666,0.0,265.218328125,199.90754770833334,271.47
21.03.2015,225.74,2064.61,740.9,157.97,1066.04,738.62,716.64,3525.19,11.5,246.4192775,219.28057208333334,0.0,265.19209770833334,199.49676666666667,274.32
22.03.2015,385.1,1145.2,91.33,29.12,759.09,430.11,92.74,3476.03,2.23,241.94698625,252.28061125,0.0,265.23962708333335,199.6115766114667,257.66
23.03.2015,342.99,333.88,0.0,0.0,698.06,129.47,0.0,3196.62,0.0,238.19819416666667,287.0521681949396,0.0,265.139513125,247.23612,229.5
24.03.2015,355.76,356.5,0.0,0.0,798.3,152.42,0.0,2999.25,0.0,235.28940333333333,292.24807145833336,0.0,265.87483645833333,253.16887,195.3
25.03.2015,447.87,800.79,44.33,31.78,898.3,306.03,45.81,3438.37,2.47,232.31109729166667,285.37253354166666,0.0,265.9848622916667,229.41067506666667,250.48
26.03.2015,609.35,1994.47,736.05,132.58,872.75,771.98,732.59,3566.24,9.93,223.934705625,225.20505854166666,0.0,266.7317258333333,209.24885625,269.7
27.03.2015,618.61,1954.67,741.77,147.64,854.72,729.85,712.21,3493.55,10.67,220.574520625,219.559099375,0.0,265.55589541666666,203.50246958333332,273.87
28.03.2015,565.02,2013.54,706.56,148.59,781.51,745.91,707.68,3476.32,11.2,217.49070791666668,219.38319270833333,0.0,265.45391291666664,199.70175270833334,261.25
29.03.2015,550.72,1835.3,666.68,138.89,757.13,675.79,663.72,3310.68,10.41,214.86722795454546,220.25514727272727,0.0,265.4505640909091,199.59042795454545,250.31
30.03.2015,624.44,1927.71,697.6,145.23,779.34,728.06,712.34,3494.89,11.16,212.16489553191488,220.09230723404255,0.0,265.6942331914894,199.55736787234042,257.61
31.03.2015,622.85,1917.89,708.43,145.11,758.52,706.81,705.88,3462.22,10.88,208.36728833333333,219.66351666666668,0.0,265.43625979166666,199.849975,261.54
01.04.2015,57.52,1811.03,681.4,138.25,72.16,687.57,699.44,3426.24,10.68,211.3002012316342,220.20286541666667,0.0,265.44401375,200.98166083333334,251.24
02.04.2015,0.0,1825.33,696.82,139.48,0.0,679.87,701.72,3426.19,10.57,221.50748,220.48844833333334,0.0,265.5121125,201.21542958333333,256.09
03.04.2015,0.0,1826.31,692.08,140.55,0.0,681.22,697.96,3405.12,10.67,226.78803,219.98742583333333,0.0,265.56313020833335,200.47613541666666,254.14
04.04.2015,0.0,1818.47,691.59,137.88,0.0,678.68,697.87,3397.62,10.47,231.51984,219.749413125,0.0,265.4950166666667,200.45960520833333,253.43
05.04.2015,0.0,1810.13,687.75,139.07,0.0,674.09,692.46,3373.03,10.54,236.02805,219.68102083333332,0.0,265.44621916666665,199.768500625,252.16
06.04.2015,0.0,1807.87,687.95,139.02,0.0,682.59,702.27,3418.69,10.68,237.97971,219.65363,0.0,265.32388,199.3286,252.07
07.04.2015,0.0,1790.6,680.56,138.45,0.0,804.2,649.52,3176.07,9.95,241.96507,219.54171458333334,0.0,265.09710979166664,199.254870625,250.49
08.04.2015,0.0,1764.01,683.38,136.88,0.0,791.26,651.39,3186.56,9.82,256.40511,220.01807291666665,0.0,265.07886541666664,200.57761916666666,251.63
09.04.2015,0.0,1758.87,680.74,141.4,0.0,789.24,649.11,3177.18,10.15,263.09583,219.94282270833332,0.0,265.088045625,199.98173604166666,250.8
10.04.2015,0.0,1744.19,673.76,138.03,0.0,794.08,651.83,3189.91,10.05,266.31389,219.632094375,0.0,265.06561958333333,200.01000708333333,248.18
11.04.2015,0.0,1750.06,676.68,139.68,0.0,790.27,649.33,3176.45,10.09,269.16948,219.662435,0.0,265.0528772916667,200.014959375,249.16
12.04.2015,0.0,1728.98,678.43,139.96,0.0,778.55,649.18,3173.63,10.08,272.00976,220.04733875,0.0,265.0858083333333,199.74306208333334,249.64
13.04.2015,0.0,1708.77,677.43,139.74,0.0,781.48,658.36,3217.63,10.22,274.89513,220.90988583333333,0.0,265.5432108333333,199.66890125,249.2
14.04.2015,0.0,1714.46,682.49,138.5,0.0,809.07,684.41,3333.89,10.45,277.40052,220.92097770833334,0.0,265.970871875,200.63006333333334,250.23
15.04.2015,0.0,1769.28,682.37,141.98,0.0,846.43,693.71,3375.2,10.86,280.04648,220.87762872340426,0.0,266.3607789361702,199.57232127659574,249.89
16.04.2015,0.0,1768.7,688.32,139.79,0.0,858.74,710.17,3460.38,10.86,282.62721,220.971685625,0.0,266.540264375,200.52110833333333,252.44
17.04.2015,0.0,1780.83,696.2,144.28,0.0,863.05,716.98,3484.44,11.18,285.05341,221.35528680851064,0.0,266.7597580851064,199.68262021276595,254.67
18.04.2015,0.0,1802.92,689.54,140.7,0.0,857.83,730.26,3550.23,11.22,287.4565,221.85260702127658,0.0,267.1339889361702,199.77555276595746,252.32
19.04.2015,0.0,1820.19,695.3,140.39,0.0,866.34,736.6,3584.51,11.19,289.77927,222.20121489361702,0.0,267.19060319148934,199.70239127659573,254.68
20.04.2015,81.91,1815.28,696.95,140.77,490.87,862.47,737.04,3592.75,11.2,275.58731473282444,221.888015625,0.0,267.03227979166667,199.92934104166667,255.71
21.04.2015,172.87,1832.35,702.6,142.18,1263.33,820.37,700.17,3413.32,10.66,262.8739525,221.78877770833333,0.0,266.936783125,199.800350625,257.81
22.04.2015,268.47,1832.51,702.84,142.09,1093.31,838.21,715.57,3488.72,10.89,253.767355625,221.89121104166668,0.0,266.835783125,199.67849145833333,257.92
23.04.2015,320.34,1918.58,590.64,149.02,879.08,831.1,668.53,3450.88,10.82,248.85294395833333,221.725013125,0.0,266.73866895833334,199.599468125,269.39
24.04.2015,318.85,1908.81,588.04,146.56,877.01,828.77,667.12,3442.74,10.66,246.51121979166666,221.55477729166665,0.0,266.62133520833333,199.89471708333335,268.14
25.04.2015,340.53,1900.52,582.39,146.94,822.81,842.71,674.75,3483.44,10.92,243.69955270833333,221.2505925,0.0,266.5748904166667,200.39209270833334,265.67
26.04.2015,339.92,1898.58,582.17,146.33,770.94,829.12,664.29,3424.63,10.71,241.28773604166668,221.12172833333332,0.0,266.535898125,199.54297770833332,265.19
27.04.2015,396.95,1916.48,585.19,147.85,899.34,836.03,667.02,3438.38,10.81,236.87078895833332,220.82554645833332,0.0,266.51102583333335,199.93037625,266.54
28.04.2015,443.99,1913.38,579.58,148.21,911.0,830.04,656.95,3406.96,10.77,232.02757208333333,220.59554458333332,0.0,266.48192083333333,199.66548208333333,265.58
